FactorID,FactorKey,Class,Source,DisplaySource,SourceCode,Name,Release,EffectiveFrom,Region,Unit,Scope1,Scope2,Scope3,Obsolete,Reason,Import,SourceUnit,SourceFactor,FactorDollarYear,SpendBasisYear,ConversionNote,AddedBy,AddedAt,UpdatedAt,Notes
F0001,"NGA|NgaFactors|A biogas that is captured for combustion, other than those mentioned in the items above|Australia|kg CO2-e/m3",NGA,NgaFactors,NgaFactors,,"A biogas that is captured for combustion, other than those mentioned in the items above",2022.0,2022,Australia,kg CO2-e/m3,0.2379099999999999,,,False,Published by the National Greenhouse Accounts.,NgaFactors.csv,,,,,,seed,2026-09-03T22:17:25,2026-09-03T22:17:25,
F0002,"NGA|NgaFactors|A biogas that is captured for combustion, other than those mentioned in the items above|Australia|kg CO2-e/m3",NGA,NgaFactors,NgaFactors,,"A biogas that is captured for combustion, other than those mentioned in the items above",2023.0,2023,Australia,kg CO2-e/m3,0.2379099999999999,,,False,Published by the National Greenhouse Accounts.,NgaFactors.csv,,,,,,seed,2026-09-03T22:17:25,2026-09-03T22:17:25,
F0003,"NGA|NgaFactors|A biogas that is captured for combustion, other than those mentioned in the items above|Australia|kg CO2-e/m3",NGA,NgaFactors,NgaFactors,,"A biogas that is captured for combustion, other than those mentioned in the items above",2024.0,2024,Australia,kg CO2-e/m3,0.2379099999999999,,,False,Published by the National Greenhouse Accounts.,NgaFactors.csv,,,,,,seed,2026-09-03T22:17:25,2026-09-03T22:17:25,
F0004,"NGA|NgaFactors|A biogas that is captured for combustion, other than those mentioned in the items above|Australia|kg CO2-e/m3",NGA,NgaFactors,NgaFactors,,"A biogas that is captured for combustion, other than those mentioned in the items above",2025.0,2025,Australia,kg CO2-e/m3,0.2379099999999999,,,False,Published by the National Greenhouse Accounts.,NgaFactors.csv,,,,,,seed,2026-09-03T22:17:25,2026-09-03T22:17:25,
F0005,"NGA|NgaFactors|A biogas that is captured for combustion, other than those mentioned in the items above|Australia|kg CO2-e/m3",NGA,NgaFactors,NgaFactors,,"A biogas that is captured for combustion, other than those mentioned in the items above",2026.0,2026,Australia,kg CO2-e/m3,0.2379099999999999,,,False,Published by the National Greenhouse Accounts.,NgaFactors.csv,,,,,,seed,2026-09-03T22:17:25,2026-09-03T22:17:25,
F0006,NGA|NgaFactors|Anthracite|Australia|kg CO2-e/t,NGA,NgaFactors,NgaFactors,,Anthracite,2022.0,2022,Australia,kg CO2-e/t,2616.96,,,False,Published by the National Greenhouse Accounts.,NgaFactors.csv,,,,,,seed,2026-09-03T22:17:25,2026-09-03T22:17:25,
F0007,NGA|NgaFactors|Anthracite|Australia|kg CO2-e/t,NGA,NgaFactors,NgaFactors,,Anthracite,2023.0,2023,Australia,kg CO2-e/t,2616.96,,,False,Published by the National Greenhouse Accounts.,NgaFactors.csv,,,,,,seed,2026-09-03T22:17:25,2026-09-03T22:17:25,
F0008,NGA|NgaFactors|Anthracite|Australia|kg CO2-e/t,NGA,NgaFactors,NgaFactors,,Anthracite,2024.0,2024,Australia,kg CO2-e/t,2616.96,,,False,Published by the National Greenhouse Accounts.,NgaFactors.csv,,,,,,seed,2026-09-03T22:17:25,2026-09-03T22:17:25,
F0009,NGA|NgaFactors|Anthracite|Australia|kg CO2-e/t,NGA,NgaFactors,NgaFactors,,Anthracite,2025.0,2025,Australia,kg CO2-e/t,2616.96,,,False,Published by the National Greenhouse Accounts.,NgaFactors.csv,,,,,,seed,2026-09-03T22:17:25,2026-09-03T22:17:25,
F0010,NGA|NgaFactors|Anthracite|Australia|kg CO2-e/t,NGA,NgaFactors,NgaFactors,,Anthracite,2026.0,2026,Australia,kg CO2-e/t,2616.96,,,False,Published by the National Greenhouse Accounts.,NgaFactors.csv,,,,,,seed,2026-09-03T22:17:25,2026-09-03T22:17:25,
F0011,NGA|NgaFactors|Automotive gasoline/petrol (other than for use as fuel in an aircraft)|Australia|kg CO2-e/kL,NGA,NgaFactors,NgaFactors,,Automotive gasoline/petrol (other than for use as fuel in an aircraft),2022.0,2022,Australia,kg CO2-e/kL,2318.76,,588.24,False,Published by the National Greenhouse Accounts.,NgaFactors.csv,,,,,,seed,2026-09-03T22:17:25,2026-09-03T22:17:25,
F0012,NGA|NgaFactors|Automotive gasoline/petrol (other than for use as fuel in an aircraft)|Australia|kg CO2-e/kL,NGA,NgaFactors,NgaFactors,,Automotive gasoline/petrol (other than for use as fuel in an aircraft),2023.0,2023,Australia,kg CO2-e/kL,2318.76,,588.24,False,Published by the National Greenhouse Accounts.,NgaFactors.csv,,,,,,seed,2026-09-03T22:17:25,2026-09-03T22:17:25,
F0013,NGA|NgaFactors|Automotive gasoline/petrol (other than for use as fuel in an aircraft)|Australia|kg CO2-e/kL,NGA,NgaFactors,NgaFactors,,Automotive gasoline/petrol (other than for use as fuel in an aircraft),2024.0,2024,Australia,kg CO2-e/kL,2318.76,,588.24,False,Published by the National Greenhouse Accounts.,NgaFactors.csv,,,,,,seed,2026-09-03T22:17:25,2026-09-03T22:17:25,
F0014,NGA|NgaFactors|Automotive gasoline/petrol (other than for use as fuel in an aircraft)|Australia|kg CO2-e/kL,NGA,NgaFactors,NgaFactors,,Automotive gasoline/petrol (other than for use as fuel in an aircraft),2025.0,2025,Australia,kg CO2-e/kL,2318.76,,588.24,False,Published by the National Greenhouse Accounts.,NgaFactors.csv,,,,,,seed,2026-09-03T22:17:25,2026-09-03T22:17:25,
F0015,NGA|NgaFactors|Automotive gasoline/petrol (other than for use as fuel in an aircraft)|Australia|kg CO2-e/kL,NGA,NgaFactors,NgaFactors,,Automotive gasoline/petrol (other than for use as fuel in an aircraft),2026.0,2026,Australia,kg CO2-e/kL,2318.76,,588.24,False,Published by the National Greenhouse Accounts.,NgaFactors.csv,,,,,,seed,2026-09-03T22:17:25,2026-09-03T22:17:25,
F0016,NGA|NgaFactors|Aviation gasoline|Australia|kg CO2-e/kL,NGA,NgaFactors,NgaFactors,,Aviation gasoline,2022.0,2022,Australia,kg CO2-e/kL,2230.9400000000005,,595.8000000000001,False,Published by the National Greenhouse Accounts.,NgaFactors.csv,,,,,,seed,2026-09-03T22:17:25,2026-09-03T22:17:25,
F0017,NGA|NgaFactors|Aviation gasoline|Australia|kg CO2-e/kL,NGA,NgaFactors,NgaFactors,,Aviation gasoline,2023.0,2023,Australia,kg CO2-e/kL,2230.9400000000005,,595.8000000000001,False,Published by the National Greenhouse Accounts.,NgaFactors.csv,,,,,,seed,2026-09-03T22:17:25,2026-09-03T22:17:25,
F0018,NGA|NgaFactors|Aviation gasoline|Australia|kg CO2-e/kL,NGA,NgaFactors,NgaFactors,,Aviation gasoline,2024.0,2024,Australia,kg CO2-e/kL,2230.9400000000005,,595.8000000000001,False,Published by the National Greenhouse Accounts.,NgaFactors.csv,,,,,,seed,2026-09-03T22:17:25,2026-09-03T22:17:25,
F0019,NGA|NgaFactors|Aviation gasoline|Australia|kg CO2-e/kL,NGA,NgaFactors,NgaFactors,,Aviation gasoline,2025.0,2025,Australia,kg CO2-e/kL,2230.9400000000005,,595.8000000000001,False,Published by the National Greenhouse Accounts.,NgaFactors.csv,,,,,,seed,2026-09-03T22:17:25,2026-09-03T22:17:25,
F0020,NGA|NgaFactors|Aviation gasoline|Australia|kg CO2-e/kL,NGA,NgaFactors,NgaFactors,,Aviation gasoline,2026.0,2026,Australia,kg CO2-e/kL,2230.9400000000005,,595.8000000000001,False,Published by the National Greenhouse Accounts.,NgaFactors.csv,,,,,,seed,2026-09-03T22:17:25,2026-09-03T22:17:25,
F0021,NGA|NgaFactors|Aviation turbine fuel/kerosene|Australia|kg CO2-e/kL,NGA,NgaFactors,NgaFactors,,Aviation turbine fuel/kerosene,2022.0,2022,Australia,kg CO2-e/kL,2569.376,,662.4,False,Published by the National Greenhouse Accounts.,NgaFactors.csv,,,,,,seed,2026-09-03T22:17:25,2026-09-03T22:17:25,
F0022,NGA|NgaFactors|Aviation turbine fuel/kerosene|Australia|kg CO2-e/kL,NGA,NgaFactors,NgaFactors,,Aviation turbine fuel/kerosene,2023.0,2023,Australia,kg CO2-e/kL,2569.376,,662.4,False,Published by the National Greenhouse Accounts.,NgaFactors.csv,,,,,,seed,2026-09-03T22:17:25,2026-09-03T22:17:25,
F0023,NGA|NgaFactors|Aviation turbine fuel/kerosene|Australia|kg CO2-e/kL,NGA,NgaFactors,NgaFactors,,Aviation turbine fuel/kerosene,2024.0,2024,Australia,kg CO2-e/kL,2569.376,,662.4,False,Published by the National Greenhouse Accounts.,NgaFactors.csv,,,,,,seed,2026-09-03T22:17:25,2026-09-03T22:17:25,
F0024,NGA|NgaFactors|Aviation turbine fuel/kerosene|Australia|kg CO2-e/kL,NGA,NgaFactors,NgaFactors,,Aviation turbine fuel/kerosene,2025.0,2025,Australia,kg CO2-e/kL,2569.376,,662.4,False,Published by the National Greenhouse Accounts.,NgaFactors.csv,,,,,,seed,2026-09-03T22:17:25,2026-09-03T22:17:25,
F0025,NGA|NgaFactors|Aviation turbine fuel/kerosene|Australia|kg CO2-e/kL,NGA,NgaFactors,NgaFactors,,Aviation turbine fuel/kerosene,2026.0,2026,Australia,kg CO2-e/kL,2569.376,,662.4,False,Published by the National Greenhouse Accounts.,NgaFactors.csv,,,,,,seed,2026-09-03T22:17:25,2026-09-03T22:17:25,
F0026,NGA|NgaFactors|Bagasse|Australia|kg CO2-e/t,NGA,NgaFactors,NgaFactors,,Bagasse,2022.0,2022,Australia,kg CO2-e/t,13.44,,,False,Published by the National Greenhouse Accounts.,NgaFactors.csv,,,,,,seed,2026-09-03T22:17:25,2026-09-03T22:17:25,
F0027,NGA|NgaFactors|Bagasse|Australia|kg CO2-e/t,NGA,NgaFactors,NgaFactors,,Bagasse,2023.0,2023,Australia,kg CO2-e/t,13.44,,,False,Published by the National Greenhouse Accounts.,NgaFactors.csv,,,,,,seed,2026-09-03T22:17:25,2026-09-03T22:17:25,
F0028,NGA|NgaFactors|Bagasse|Australia|kg CO2-e/t,NGA,NgaFactors,NgaFactors,,Bagasse,2024.0,2024,Australia,kg CO2-e/t,13.44,,,False,Published by the National Greenhouse Accounts.,NgaFactors.csv,,,,,,seed,2026-09-03T22:17:25,2026-09-03T22:17:25,
F0029,NGA|NgaFactors|Bagasse|Australia|kg CO2-e/t,NGA,NgaFactors,NgaFactors,,Bagasse,2025.0,2025,Australia,kg CO2-e/t,13.44,,,False,Published by the National Greenhouse Accounts.,NgaFactors.csv,,,,,,seed,2026-09-03T22:17:25,2026-09-03T22:17:25,
F0030,NGA|NgaFactors|Bagasse|Australia|kg CO2-e/t,NGA,NgaFactors,NgaFactors,,Bagasse,2026.0,2026,Australia,kg CO2-e/t,13.44,,,False,Published by the National Greenhouse Accounts.,NgaFactors.csv,,,,,,seed,2026-09-03T22:17:25,2026-09-03T22:17:25,
F0031,NGA|NgaFactors|Biodiesel|Australia|kg CO2-e/kL,NGA,NgaFactors,NgaFactors,,Biodiesel,2022.0,2022,Australia,kg CO2-e/kL,9.688,,,False,Published by the National Greenhouse Accounts.,NgaFactors.csv,,,,,,seed,2026-09-03T22:17:25,2026-09-03T22:17:25,
F0032,NGA|NgaFactors|Biodiesel|Australia|kg CO2-e/kL,NGA,NgaFactors,NgaFactors,,Biodiesel,2023.0,2023,Australia,kg CO2-e/kL,9.688,,,False,Published by the National Greenhouse Accounts.,NgaFactors.csv,,,,,,seed,2026-09-03T22:17:25,2026-09-03T22:17:25,
F0033,NGA|NgaFactors|Biodiesel|Australia|kg CO2-e/kL,NGA,NgaFactors,NgaFactors,,Biodiesel,2024.0,2024,Australia,kg CO2-e/kL,9.688,,,False,Published by the National Greenhouse Accounts.,NgaFactors.csv,,,,,,seed,2026-09-03T22:17:25,2026-09-03T22:17:25,
F0034,NGA|NgaFactors|Biodiesel|Australia|kg CO2-e/kL,NGA,NgaFactors,NgaFactors,,Biodiesel,2025.0,2025,Australia,kg CO2-e/kL,9.688,,,False,Published by the National Greenhouse Accounts.,NgaFactors.csv,,,,,,seed,2026-09-03T22:17:25,2026-09-03T22:17:25,
F0035,NGA|NgaFactors|Biodiesel|Australia|kg CO2-e/kL,NGA,NgaFactors,NgaFactors,,Biodiesel,2026.0,2026,Australia,kg CO2-e/kL,9.688,,,False,Published by the National Greenhouse Accounts.,NgaFactors.csv,,,,,,seed,2026-09-03T22:17:25,2026-09-03T22:17:25,
F0036,NGA|NgaFactors|Biodiesel-Cars and light commercial vehicles|Australia|kg CO2-e/kL,NGA,NgaFactors,NgaFactors,,Biodiesel-Cars and light commercial vehicles,2022.0,2022,Australia,kg CO2-e/kL,86.5,,,False,Published by the National Greenhouse Accounts.,NgaFactors.csv,,,,,,seed,2026-09-03T22:17:25,2026-09-03T22:17:25,
F0037,NGA|NgaFactors|Biodiesel-Cars and light commercial vehicles|Australia|kg CO2-e/kL,NGA,NgaFactors,NgaFactors,,Biodiesel-Cars and light commercial vehicles,2023.0,2023,Australia,kg CO2-e/kL,86.5,,,False,Published by the National Greenhouse Accounts.,NgaFactors.csv,,,,,,seed,2026-09-03T22:17:25,2026-09-03T22:17:25,
F0038,NGA|NgaFactors|Biodiesel-Cars and light commercial vehicles|Australia|kg CO2-e/kL,NGA,NgaFactors,NgaFactors,,Biodiesel-Cars and light commercial vehicles,2024.0,2024,Australia,kg CO2-e/kL,86.5,,,False,Published by the National Greenhouse Accounts.,NgaFactors.csv,,,,,,seed,2026-09-03T22:17:25,2026-09-03T22:17:25,
F0039,NGA|NgaFactors|Biodiesel-Cars and light commercial vehicles|Australia|kg CO2-e/kL,NGA,NgaFactors,NgaFactors,,Biodiesel-Cars and light commercial vehicles,2025.0,2025,Australia,kg CO2-e/kL,86.5,,,False,Published by the National Greenhouse Accounts.,NgaFactors.csv,,,,,,seed,2026-09-03T22:17:25,2026-09-03T22:17:25,
F0040,NGA|NgaFactors|Biodiesel-Cars and light commercial vehicles|Australia|kg CO2-e/kL,NGA,NgaFactors,NgaFactors,,Biodiesel-Cars and light commercial vehicles,2026.0,2026,Australia,kg CO2-e/kL,86.5,,,False,Published by the National Greenhouse Accounts.,NgaFactors.csv,,,,,,seed,2026-09-03T22:17:25,2026-09-03T22:17:25,
F0041,NGA|NgaFactors|Biofuels other than those mentioned in the items above|Australia|kg CO2-e/kL,NGA,NgaFactors,NgaFactors,,Biofuels other than those mentioned in the items above,2022.0,2022,Australia,kg CO2-e/kL,6.5520000000000005,,,False,Published by the National Greenhouse Accounts.,NgaFactors.csv,,,,,,seed,2026-09-03T22:17:25,2026-09-03T22:17:25,
F0042,NGA|NgaFactors|Biofuels other than those mentioned in the items above|Australia|kg CO2-e/kL,NGA,NgaFactors,NgaFactors,,Biofuels other than those mentioned in the items above,2023.0,2023,Australia,kg CO2-e/kL,6.5520000000000005,,,False,Published by the National Greenhouse Accounts.,NgaFactors.csv,,,,,,seed,2026-09-03T22:17:25,2026-09-03T22:17:25,
F0043,NGA|NgaFactors|Biofuels other than those mentioned in the items above|Australia|kg CO2-e/kL,NGA,NgaFactors,NgaFactors,,Biofuels other than those mentioned in the items above,2024.0,2024,Australia,kg CO2-e/kL,6.5520000000000005,,,False,Published by the National Greenhouse Accounts.,NgaFactors.csv,,,,,,seed,2026-09-03T22:17:25,2026-09-03T22:17:25,
F0044,NGA|NgaFactors|Biofuels other than those mentioned in the items above|Australia|kg CO2-e/kL,NGA,NgaFactors,NgaFactors,,Biofuels other than those mentioned in the items above,2025.0,2025,Australia,kg CO2-e/kL,6.5520000000000005,,,False,Published by the National Greenhouse Accounts.,NgaFactors.csv,,,,,,seed,2026-09-03T22:17:25,2026-09-03T22:17:25,
F0045,NGA|NgaFactors|Biofuels other than those mentioned in the items above|Australia|kg CO2-e/kL,NGA,NgaFactors,NgaFactors,,Biofuels other than those mentioned in the items above,2026.0,2026,Australia,kg CO2-e/kL,6.5520000000000005,,,False,Published by the National Greenhouse Accounts.,NgaFactors.csv,,,,,,seed,2026-09-03T22:17:25,2026-09-03T22:17:25,
F0046,"NGA|NgaFactors|Biomass, municipal and industrial materials, if combusted to produce heat or electricity|Australia|kg CO2-e/t",NGA,NgaFactors,NgaFactors,,"Biomass, municipal and industrial materials, if combusted to produce heat or electricity",2022.0,2022,Australia,kg CO2-e/t,21.96,,,False,Published by the National Greenhouse Accounts.,NgaFactors.csv,,,,,,seed,2026-09-03T22:17:25,2026-09-03T22:17:25,
F0047,"NGA|NgaFactors|Biomass, municipal and industrial materials, if combusted to produce heat or electricity|Australia|kg CO2-e/t",NGA,NgaFactors,NgaFactors,,"Biomass, municipal and industrial materials, if combusted to produce heat or electricity",2023.0,2023,Australia,kg CO2-e/t,21.96,,,False,Published by the National Greenhouse Accounts.,NgaFactors.csv,,,,,,seed,2026-09-03T22:17:25,2026-09-03T22:17:25,
F0048,"NGA|NgaFactors|Biomass, municipal and industrial materials, if combusted to produce heat or electricity|Australia|kg CO2-e/t",NGA,NgaFactors,NgaFactors,,"Biomass, municipal and industrial materials, if combusted to produce heat or electricity",2024.0,2024,Australia,kg CO2-e/t,21.96,,,False,Published by the National Greenhouse Accounts.,NgaFactors.csv,,,,,,seed,2026-09-03T22:17:25,2026-09-03T22:17:25,
F0049,"NGA|NgaFactors|Biomass, municipal and industrial materials, if combusted to produce heat or electricity|Australia|kg CO2-e/t",NGA,NgaFactors,NgaFactors,,"Biomass, municipal and industrial materials, if combusted to produce heat or electricity",2025.0,2025,Australia,kg CO2-e/t,21.96,,,False,Published by the National Greenhouse Accounts.,NgaFactors.csv,,,,,,seed,2026-09-03T22:17:25,2026-09-03T22:17:25,
F0050,"NGA|NgaFactors|Biomass, municipal and industrial materials, if combusted to produce heat or electricity|Australia|kg CO2-e/t",NGA,NgaFactors,NgaFactors,,"Biomass, municipal and industrial materials, if combusted to produce heat or electricity",2026.0,2026,Australia,kg CO2-e/t,21.96,,,False,Published by the National Greenhouse Accounts.,NgaFactors.csv,,,,,,seed,2026-09-03T22:17:25,2026-09-03T22:17:25,
F0051,NGA|NgaFactors|Biomethane|Australia|kg CO2-e/m3,NGA,NgaFactors,NgaFactors,,Biomethane,2022.0,2022,Australia,kg CO2-e/m3,0.005109,,,False,Published by the National Greenhouse Accounts.,NgaFactors.csv,,,,,,seed,2026-09-03T22:17:25,2026-09-03T22:17:25,
F0052,NGA|NgaFactors|Biomethane|Australia|kg CO2-e/m3,NGA,NgaFactors,NgaFactors,,Biomethane,2023.0,2023,Australia,kg CO2-e/m3,0.005109,,,False,Published by the National Greenhouse Accounts.,NgaFactors.csv,,,,,,seed,2026-09-03T22:17:25,2026-09-03T22:17:25,
F0053,NGA|NgaFactors|Biomethane|Australia|kg CO2-e/m3,NGA,NgaFactors,NgaFactors,,Biomethane,2024.0,2024,Australia,kg CO2-e/m3,0.005109,,,False,Published by the National Greenhouse Accounts.,NgaFactors.csv,,,,,,seed,2026-09-03T22:17:25,2026-09-03T22:17:25,
F0054,NGA|NgaFactors|Biomethane|Australia|kg CO2-e/m3,NGA,NgaFactors,NgaFactors,,Biomethane,2025.0,2025,Australia,kg CO2-e/m3,0.005109,,,False,Published by the National Greenhouse Accounts.,NgaFactors.csv,,,,,,seed,2026-09-03T22:17:25,2026-09-03T22:17:25,
F0055,NGA|NgaFactors|Biomethane|Australia|kg CO2-e/m3,NGA,NgaFactors,NgaFactors,,Biomethane,2026.0,2026,Australia,kg CO2-e/m3,0.005109,,,False,Published by the National Greenhouse Accounts.,NgaFactors.csv,,,,,,seed,2026-09-03T22:17:25,2026-09-03T22:17:25,
F0056,NGA|NgaFactors|Bituminous coal|Australia|kg CO2-e/t,NGA,NgaFactors,NgaFactors,,Bituminous coal,2022.0,2022,Australia,kg CO2-e/t,2436.48,,81.0,False,Published by the National Greenhouse Accounts.,NgaFactors.csv,,,,,,seed,2026-09-03T22:17:25,2026-09-03T22:17:25,
F0057,NGA|NgaFactors|Bituminous coal|Australia|kg CO2-e/t,NGA,NgaFactors,NgaFactors,,Bituminous coal,2023.0,2023,Australia,kg CO2-e/t,2436.48,,81.0,False,Published by the National Greenhouse Accounts.,NgaFactors.csv,,,,,,seed,2026-09-03T22:17:25,2026-09-03T22:17:25,
F0058,NGA|NgaFactors|Bituminous coal|Australia|kg CO2-e/t,NGA,NgaFactors,NgaFactors,,Bituminous coal,2024.0,2024,Australia,kg CO2-e/t,2436.48,,81.0,False,Published by the National Greenhouse Accounts.,NgaFactors.csv,,,,,,seed,2026-09-03T22:17:25,2026-09-03T22:17:25,
F0059,NGA|NgaFactors|Bituminous coal|Australia|kg CO2-e/t,NGA,NgaFactors,NgaFactors,,Bituminous coal,2025.0,2025,Australia,kg CO2-e/t,2436.48,,81.0,False,Published by the National Greenhouse Accounts.,NgaFactors.csv,,,,,,seed,2026-09-03T22:17:25,2026-09-03T22:17:25,
F0060,NGA|NgaFactors|Bituminous coal|Australia|kg CO2-e/t,NGA,NgaFactors,NgaFactors,,Bituminous coal,2026.0,2026,Australia,kg CO2-e/t,2436.48,,81.0,False,Published by the National Greenhouse Accounts.,NgaFactors.csv,,,,,,seed,2026-09-03T22:17:25,2026-09-03T22:17:25,
F0061,NGA|NgaFactors|Blast furnace gas|Australia|kg CO2-e/m3,NGA,NgaFactors,NgaFactors,,Blast furnace gas,2022.0,2022,Australia,kg CO2-e/m3,0.9362,,,False,Published by the National Greenhouse Accounts.,NgaFactors.csv,,,,,,seed,2026-09-03T22:17:25,2026-09-03T22:17:25,
F0062,NGA|NgaFactors|Blast furnace gas|Australia|kg CO2-e/m3,NGA,NgaFactors,NgaFactors,,Blast furnace gas,2023.0,2023,Australia,kg CO2-e/m3,0.9362,,,False,Published by the National Greenhouse Accounts.,NgaFactors.csv,,,,,,seed,2026-09-03T22:17:25,2026-09-03T22:17:25,
F0063,NGA|NgaFactors|Blast furnace gas|Australia|kg CO2-e/m3,NGA,NgaFactors,NgaFactors,,Blast furnace gas,2024.0,2024,Australia,kg CO2-e/m3,0.9362,,,False,Published by the National Greenhouse Accounts.,NgaFactors.csv,,,,,,seed,2026-09-03T22:17:25,2026-09-03T22:17:25,
F0064,NGA|NgaFactors|Blast furnace gas|Australia|kg CO2-e/m3,NGA,NgaFactors,NgaFactors,,Blast furnace gas,2025.0,2025,Australia,kg CO2-e/m3,0.9362,,,False,Published by the National Greenhouse Accounts.,NgaFactors.csv,,,,,,seed,2026-09-03T22:17:25,2026-09-03T22:17:25,
F0065,NGA|NgaFactors|Blast furnace gas|Australia|kg CO2-e/m3,NGA,NgaFactors,NgaFactors,,Blast furnace gas,2026.0,2026,Australia,kg CO2-e/m3,0.9362,,,False,Published by the National Greenhouse Accounts.,NgaFactors.csv,,,,,,seed,2026-09-03T22:17:25,2026-09-03T22:17:25,
F0066,NGA|NgaFactors|Brown coal (lignite)|Australia|kg CO2-e/t,NGA,NgaFactors,NgaFactors,,Brown coal (lignite),2022.0,2022,Australia,kg CO2-e/t,956.9639999999998,,4.08,False,Published by the National Greenhouse Accounts.,NgaFactors.csv,,,,,,seed,2026-09-03T22:17:25,2026-09-03T22:17:25,
F0067,NGA|NgaFactors|Brown coal (lignite)|Australia|kg CO2-e/t,NGA,NgaFactors,NgaFactors,,Brown coal (lignite),2023.0,2023,Australia,kg CO2-e/t,956.9639999999998,,4.08,False,Published by the National Greenhouse Accounts.,NgaFactors.csv,,,,,,seed,2026-09-03T22:17:25,2026-09-03T22:17:25,
F0068,NGA|NgaFactors|Brown coal (lignite)|Australia|kg CO2-e/t,NGA,NgaFactors,NgaFactors,,Brown coal (lignite),2024.0,2024,Australia,kg CO2-e/t,956.9639999999998,,4.08,False,Published by the National Greenhouse Accounts.,NgaFactors.csv,,,,,,seed,2026-09-03T22:17:25,2026-09-03T22:17:25,
F0069,NGA|NgaFactors|Brown coal (lignite)|Australia|kg CO2-e/t,NGA,NgaFactors,NgaFactors,,Brown coal (lignite),2025.0,2025,Australia,kg CO2-e/t,956.9639999999998,,4.08,False,Published by the National Greenhouse Accounts.,NgaFactors.csv,,,,,,seed,2026-09-03T22:17:25,2026-09-03T22:17:25,
F0070,NGA|NgaFactors|Brown coal (lignite)|Australia|kg CO2-e/t,NGA,NgaFactors,NgaFactors,,Brown coal (lignite),2026.0,2026,Australia,kg CO2-e/t,956.9639999999998,,4.08,False,Published by the National Greenhouse Accounts.,NgaFactors.csv,,,,,,seed,2026-09-03T22:17:25,2026-09-03T22:17:25,
F0071,NGA|NgaFactors|Charcoal|Australia|kg CO2-e/t,NGA,NgaFactors,NgaFactors,,Charcoal,2022.0,2022,Australia,kg CO2-e/t,195.93,,,False,Published by the National Greenhouse Accounts.,NgaFactors.csv,,,,,,seed,2026-09-03T22:17:25,2026-09-03T22:17:25,
F0072,NGA|NgaFactors|Charcoal|Australia|kg CO2-e/t,NGA,NgaFactors,NgaFactors,,Charcoal,2023.0,2023,Australia,kg CO2-e/t,195.93,,,False,Published by the National Greenhouse Accounts.,NgaFactors.csv,,,,,,seed,2026-09-03T22:17:25,2026-09-03T22:17:25,
F0073,NGA|NgaFactors|Charcoal|Australia|kg CO2-e/t,NGA,NgaFactors,NgaFactors,,Charcoal,2024.0,2024,Australia,kg CO2-e/t,195.93,,,False,Published by the National Greenhouse Accounts.,NgaFactors.csv,,,,,,seed,2026-09-03T22:17:25,2026-09-03T22:17:25,
F0074,NGA|NgaFactors|Charcoal|Australia|kg CO2-e/t,NGA,NgaFactors,NgaFactors,,Charcoal,2025.0,2025,Australia,kg CO2-e/t,195.93,,,False,Published by the National Greenhouse Accounts.,NgaFactors.csv,,,,,,seed,2026-09-03T22:17:25,2026-09-03T22:17:25,
F0075,NGA|NgaFactors|Charcoal|Australia|kg CO2-e/t,NGA,NgaFactors,NgaFactors,,Charcoal,2026.0,2026,Australia,kg CO2-e/t,195.93,,,False,Published by the National Greenhouse Accounts.,NgaFactors.csv,,,,,,seed,2026-09-03T22:17:25,2026-09-03T22:17:25,
F0076,NGA|NgaFactors|Coal briquettes|Australia|kg CO2-e/t,NGA,NgaFactors,NgaFactors,,Coal briquettes,2022.0,2022,Australia,kg CO2-e/t,2107.898,,,False,Published by the National Greenhouse Accounts.,NgaFactors.csv,,,,,,seed,2026-09-03T22:17:25,2026-09-03T22:17:25,
F0077,NGA|NgaFactors|Coal briquettes|Australia|kg CO2-e/t,NGA,NgaFactors,NgaFactors,,Coal briquettes,2023.0,2023,Australia,kg CO2-e/t,2107.898,,,False,Published by the National Greenhouse Accounts.,NgaFactors.csv,,,,,,seed,2026-09-03T22:17:25,2026-09-03T22:17:25,
F0078,NGA|NgaFactors|Coal briquettes|Australia|kg CO2-e/t,NGA,NgaFactors,NgaFactors,,Coal briquettes,2024.0,2024,Australia,kg CO2-e/t,2107.898,,,False,Published by the National Greenhouse Accounts.,NgaFactors.csv,,,,,,seed,2026-09-03T22:17:25,2026-09-03T22:17:25,
F0079,NGA|NgaFactors|Coal briquettes|Australia|kg CO2-e/t,NGA,NgaFactors,NgaFactors,,Coal briquettes,2025.0,2025,Australia,kg CO2-e/t,2107.898,,,False,Published by the National Greenhouse Accounts.,NgaFactors.csv,,,,,,seed,2026-09-03T22:17:25,2026-09-03T22:17:25,
F0080,NGA|NgaFactors|Coal briquettes|Australia|kg CO2-e/t,NGA,NgaFactors,NgaFactors,,Coal briquettes,2026.0,2026,Australia,kg CO2-e/t,2107.898,,,False,Published by the National Greenhouse Accounts.,NgaFactors.csv,,,,,,seed,2026-09-03T22:17:25,2026-09-03T22:17:25,
F0081,NGA|NgaFactors|Coal coke|Australia|kg CO2-e/t,NGA,NgaFactors,NgaFactors,,Coal coke,2022.0,2022,Australia,kg CO2-e/t,2895.21,,,False,Published by the National Greenhouse Accounts.,NgaFactors.csv,,,,,,seed,2026-09-03T22:17:25,2026-09-03T22:17:25,
F0082,NGA|NgaFactors|Coal coke|Australia|kg CO2-e/t,NGA,NgaFactors,NgaFactors,,Coal coke,2023.0,2023,Australia,kg CO2-e/t,2895.21,,,False,Published by the National Greenhouse Accounts.,NgaFactors.csv,,,,,,seed,2026-09-03T22:17:25,2026-09-03T22:17:25,
F0083,NGA|NgaFactors|Coal coke|Australia|kg CO2-e/t,NGA,NgaFactors,NgaFactors,,Coal coke,2024.0,2024,Australia,kg CO2-e/t,2895.21,,,False,Published by the National Greenhouse Accounts.,NgaFactors.csv,,,,,,seed,2026-09-03T22:17:25,2026-09-03T22:17:25,
F0084,NGA|NgaFactors|Coal coke|Australia|kg CO2-e/t,NGA,NgaFactors,NgaFactors,,Coal coke,2025.0,2025,Australia,kg CO2-e/t,2895.21,,,False,Published by the National Greenhouse Accounts.,NgaFactors.csv,,,,,,seed,2026-09-03T22:17:25,2026-09-03T22:17:25,
F0085,NGA|NgaFactors|Coal coke|Australia|kg CO2-e/t,NGA,NgaFactors,NgaFactors,,Coal coke,2026.0,2026,Australia,kg CO2-e/t,2895.21,,,False,Published by the National Greenhouse Accounts.,NgaFactors.csv,,,,,,seed,2026-09-03T22:17:25,2026-09-03T22:17:25,
F0086,NGA|NgaFactors|Coal mine waste gas that is captured for combustion|Australia|kg CO2-e/m3,NGA,NgaFactors,NgaFactors,,Coal mine waste gas that is captured for combustion,2022.0,2022,Australia,kg CO2-e/m3,2.14136,,,False,Published by the National Greenhouse Accounts.,NgaFactors.csv,,,,,,seed,2026-09-03T22:17:25,2026-09-03T22:17:25,
F0087,NGA|NgaFactors|Coal mine waste gas that is captured for combustion|Australia|kg CO2-e/m3,NGA,NgaFactors,NgaFactors,,Coal mine waste gas that is captured for combustion,2023.0,2023,Australia,kg CO2-e/m3,2.14136,,,False,Published by the National Greenhouse Accounts.,NgaFactors.csv,,,,,,seed,2026-09-03T22:17:25,2026-09-03T22:17:25,
F0088,NGA|NgaFactors|Coal mine waste gas that is captured for combustion|Australia|kg CO2-e/m3,NGA,NgaFactors,NgaFactors,,Coal mine waste gas that is captured for combustion,2024.0,2024,Australia,kg CO2-e/m3,2.14136,,,False,Published by the National Greenhouse Accounts.,NgaFactors.csv,,,,,,seed,2026-09-03T22:17:25,2026-09-03T22:17:25,
F0089,NGA|NgaFactors|Coal mine waste gas that is captured for combustion|Australia|kg CO2-e/m3,NGA,NgaFactors,NgaFactors,,Coal mine waste gas that is captured for combustion,2025.0,2025,Australia,kg CO2-e/m3,2.14136,,,False,Published by the National Greenhouse Accounts.,NgaFactors.csv,,,,,,seed,2026-09-03T22:17:25,2026-09-03T22:17:25,
F0090,NGA|NgaFactors|Coal mine waste gas that is captured for combustion|Australia|kg CO2-e/m3,NGA,NgaFactors,NgaFactors,,Coal mine waste gas that is captured for combustion,2026.0,2026,Australia,kg CO2-e/m3,2.14136,,,False,Published by the National Greenhouse Accounts.,NgaFactors.csv,,,,,,seed,2026-09-03T22:17:25,2026-09-03T22:17:25,
F0091,NGA|NgaFactors|Coal seam methane that is captured for combustion|Australia|kg CO2-e/m3,NGA,NgaFactors,NgaFactors,,Coal seam methane that is captured for combustion,2022.0,2022,Australia,kg CO2-e/m3,1.946451,,,False,Published by the National Greenhouse Accounts.,NgaFactors.csv,,,,,,seed,2026-09-03T22:17:25,2026-09-03T22:17:25,
F0092,NGA|NgaFactors|Coal seam methane that is captured for combustion|Australia|kg CO2-e/m3,NGA,NgaFactors,NgaFactors,,Coal seam methane that is captured for combustion,2023.0,2023,Australia,kg CO2-e/m3,1.946451,,,False,Published by the National Greenhouse Accounts.,NgaFactors.csv,,,,,,seed,2026-09-03T22:17:25,2026-09-03T22:17:25,
F0093,NGA|NgaFactors|Coal seam methane that is captured for combustion|Australia|kg CO2-e/m3,NGA,NgaFactors,NgaFactors,,Coal seam methane that is captured for combustion,2024.0,2024,Australia,kg CO2-e/m3,1.946451,,,False,Published by the National Greenhouse Accounts.,NgaFactors.csv,,,,,,seed,2026-09-03T22:17:25,2026-09-03T22:17:25,
F0094,NGA|NgaFactors|Coal seam methane that is captured for combustion|Australia|kg CO2-e/m3,NGA,NgaFactors,NgaFactors,,Coal seam methane that is captured for combustion,2025.0,2025,Australia,kg CO2-e/m3,1.946451,,,False,Published by the National Greenhouse Accounts.,NgaFactors.csv,,,,,,seed,2026-09-03T22:17:25,2026-09-03T22:17:25,
F0095,NGA|NgaFactors|Coal seam methane that is captured for combustion|Australia|kg CO2-e/m3,NGA,NgaFactors,NgaFactors,,Coal seam methane that is captured for combustion,2026.0,2026,Australia,kg CO2-e/m3,1.946451,,,False,Published by the National Greenhouse Accounts.,NgaFactors.csv,,,,,,seed,2026-09-03T22:17:25,2026-09-03T22:17:25,
F0096,NGA|NgaFactors|Coal tar|Australia|kg CO2-e/t,NGA,NgaFactors,NgaFactors,,Coal tar,2022.0,2022,Australia,kg CO2-e/t,3076.125,,,False,Published by the National Greenhouse Accounts.,NgaFactors.csv,,,,,,seed,2026-09-03T22:17:25,2026-09-03T22:17:25,
F0097,NGA|NgaFactors|Coal tar|Australia|kg CO2-e/t,NGA,NgaFactors,NgaFactors,,Coal tar,2023.0,2023,Australia,kg CO2-e/t,3076.125,,,False,Published by the National Greenhouse Accounts.,NgaFactors.csv,,,,,,seed,2026-09-03T22:17:25,2026-09-03T22:17:25,
F0098,NGA|NgaFactors|Coal tar|Australia|kg CO2-e/t,NGA,NgaFactors,NgaFactors,,Coal tar,2024.0,2024,Australia,kg CO2-e/t,3076.125,,,False,Published by the National Greenhouse Accounts.,NgaFactors.csv,,,,,,seed,2026-09-03T22:17:25,2026-09-03T22:17:25,
F0099,NGA|NgaFactors|Coal tar|Australia|kg CO2-e/t,NGA,NgaFactors,NgaFactors,,Coal tar,2025.0,2025,Australia,kg CO2-e/t,3076.125,,,False,Published by the National Greenhouse Accounts.,NgaFactors.csv,,,,,,seed,2026-09-03T22:17:25,2026-09-03T22:17:25,
F0100,NGA|NgaFactors|Coal tar|Australia|kg CO2-e/t,NGA,NgaFactors,NgaFactors,,Coal tar,2026.0,2026,Australia,kg CO2-e/t,3076.125,,,False,Published by the National Greenhouse Accounts.,NgaFactors.csv,,,,,,seed,2026-09-03T22:17:25,2026-09-03T22:17:25,
F0101,NGA|NgaFactors|Coke oven gas|Australia|kg CO2-e/m3,NGA,NgaFactors,NgaFactors,,Coke oven gas,2022.0,2022,Australia,kg CO2-e/m3,0.6711480000000001,,,False,Published by the National Greenhouse Accounts.,NgaFactors.csv,,,,,,seed,2026-09-03T22:17:25,2026-09-03T22:17:25,
F0102,NGA|NgaFactors|Coke oven gas|Australia|kg CO2-e/m3,NGA,NgaFactors,NgaFactors,,Coke oven gas,2023.0,2023,Australia,kg CO2-e/m3,0.6711480000000001,,,False,Published by the National Greenhouse Accounts.,NgaFactors.csv,,,,,,seed,2026-09-03T22:17:25,2026-09-03T22:17:25,
F0103,NGA|NgaFactors|Coke oven gas|Australia|kg CO2-e/m3,NGA,NgaFactors,NgaFactors,,Coke oven gas,2024.0,2024,Australia,kg CO2-e/m3,0.6711480000000001,,,False,Published by the National Greenhouse Accounts.,NgaFactors.csv,,,,,,seed,2026-09-03T22:17:25,2026-09-03T22:17:25,
F0104,NGA|NgaFactors|Coke oven gas|Australia|kg CO2-e/m3,NGA,NgaFactors,NgaFactors,,Coke oven gas,2025.0,2025,Australia,kg CO2-e/m3,0.6711480000000001,,,False,Published by the National Greenhouse Accounts.,NgaFactors.csv,,,,,,seed,2026-09-03T22:17:25,2026-09-03T22:17:25,
F0105,NGA|NgaFactors|Coke oven gas|Australia|kg CO2-e/m3,NGA,NgaFactors,NgaFactors,,Coke oven gas,2026.0,2026,Australia,kg CO2-e/m3,0.6711480000000001,,,False,Published by the National Greenhouse Accounts.,NgaFactors.csv,,,,,,seed,2026-09-03T22:17:25,2026-09-03T22:17:25,
F0106,NGA|NgaFactors|Coking coal|Australia|kg CO2-e/t,NGA,NgaFactors,NgaFactors,,Coking coal,2022.0,2022,Australia,kg CO2-e/t,2760.9,,192.0,False,Published by the National Greenhouse Accounts.,NgaFactors.csv,,,,,,seed,2026-09-03T22:17:25,2026-09-03T22:17:25,
F0107,NGA|NgaFactors|Coking coal|Australia|kg CO2-e/t,NGA,NgaFactors,NgaFactors,,Coking coal,2023.0,2023,Australia,kg CO2-e/t,2760.9,,192.0,False,Published by the National Greenhouse Accounts.,NgaFactors.csv,,,,,,seed,2026-09-03T22:17:25,2026-09-03T22:17:25,
F0108,NGA|NgaFactors|Coking coal|Australia|kg CO2-e/t,NGA,NgaFactors,NgaFactors,,Coking coal,2024.0,2024,Australia,kg CO2-e/t,2760.9,,192.0,False,Published by the National Greenhouse Accounts.,NgaFactors.csv,,,,,,seed,2026-09-03T22:17:25,2026-09-03T22:17:25,
F0109,NGA|NgaFactors|Coking coal|Australia|kg CO2-e/t,NGA,NgaFactors,NgaFactors,,Coking coal,2025.0,2025,Australia,kg CO2-e/t,2760.9,,192.0,False,Published by the National Greenhouse Accounts.,NgaFactors.csv,,,,,,seed,2026-09-03T22:17:25,2026-09-03T22:17:25,
F0110,NGA|NgaFactors|Coking coal|Australia|kg CO2-e/t,NGA,NgaFactors,NgaFactors,,Coking coal,2026.0,2026,Australia,kg CO2-e/t,2760.9,,192.0,False,Published by the National Greenhouse Accounts.,NgaFactors.csv,,,,,,seed,2026-09-03T22:17:25,2026-09-03T22:17:25,
F0111,NGA|NgaFactors|Compressed natural gas (reverting to standard conditions)|Australia|kg CO2-e/m3,NGA,NgaFactors,NgaFactors,,Compressed natural gas (reverting to standard conditions),2022.0,2022,Australia,kg CO2-e/m3,2.025129,,,False,Published by the National Greenhouse Accounts.,NgaFactors.csv,,,,,,seed,2026-09-03T22:17:25,2026-09-03T22:17:25,
F0112,NGA|NgaFactors|Compressed natural gas (reverting to standard conditions)|Australia|kg CO2-e/m3,NGA,NgaFactors,NgaFactors,,Compressed natural gas (reverting to standard conditions),2023.0,2023,Australia,kg CO2-e/m3,2.025129,,,False,Published by the National Greenhouse Accounts.,NgaFactors.csv,,,,,,seed,2026-09-03T22:17:25,2026-09-03T22:17:25,
F0113,NGA|NgaFactors|Compressed natural gas (reverting to standard conditions)|Australia|kg CO2-e/m3,NGA,NgaFactors,NgaFactors,,Compressed natural gas (reverting to standard conditions),2024.0,2024,Australia,kg CO2-e/m3,2.025129,,,False,Published by the National Greenhouse Accounts.,NgaFactors.csv,,,,,,seed,2026-09-03T22:17:25,2026-09-03T22:17:25,
F0114,NGA|NgaFactors|Compressed natural gas (reverting to standard conditions)|Australia|kg CO2-e/m3,NGA,NgaFactors,NgaFactors,,Compressed natural gas (reverting to standard conditions),2025.0,2025,Australia,kg CO2-e/m3,2.025129,,,False,Published by the National Greenhouse Accounts.,NgaFactors.csv,,,,,,seed,2026-09-03T22:17:25,2026-09-03T22:17:25,
F0115,NGA|NgaFactors|Compressed natural gas (reverting to standard conditions)|Australia|kg CO2-e/m3,NGA,NgaFactors,NgaFactors,,Compressed natural gas (reverting to standard conditions),2026.0,2026,Australia,kg CO2-e/m3,2.025129,,,False,Published by the National Greenhouse Accounts.,NgaFactors.csv,,,,,,seed,2026-09-03T22:17:25,2026-09-03T22:17:25,
F0116,NGA|NgaFactors|Compressed natural gas-Heavy duty vehicles|Australia|kg CO2-e/m3,NGA,NgaFactors,NgaFactors,,Compressed natural gas-Heavy duty vehicles,2022.0,2022,Australia,kg CO2-e/m3,2.1418500000000003,,0.7074,False,Published by the National Greenhouse Accounts.,NgaFactors.csv,,,,,,seed,2026-09-03T22:17:25,2026-09-03T22:17:25,
F0117,NGA|NgaFactors|Compressed natural gas-Heavy duty vehicles|Australia|kg CO2-e/m3,NGA,NgaFactors,NgaFactors,,Compressed natural gas-Heavy duty vehicles,2023.0,2023,Australia,kg CO2-e/m3,2.1418500000000003,,0.7074,False,Published by the National Greenhouse Accounts.,NgaFactors.csv,,,,,,seed,2026-09-03T22:17:25,2026-09-03T22:17:25,
F0118,NGA|NgaFactors|Compressed natural gas-Heavy duty vehicles|Australia|kg CO2-e/m3,NGA,NgaFactors,NgaFactors,,Compressed natural gas-Heavy duty vehicles,2024.0,2024,Australia,kg CO2-e/m3,2.1418500000000003,,0.7074,False,Published by the National Greenhouse Accounts.,NgaFactors.csv,,,,,,seed,2026-09-03T22:17:25,2026-09-03T22:17:25,
F0119,NGA|NgaFactors|Compressed natural gas-Heavy duty vehicles|Australia|kg CO2-e/m3,NGA,NgaFactors,NgaFactors,,Compressed natural gas-Heavy duty vehicles,2025.0,2025,Australia,kg CO2-e/m3,2.1418500000000003,,0.7074,False,Published by the National Greenhouse Accounts.,NgaFactors.csv,,,,,,seed,2026-09-03T22:17:25,2026-09-03T22:17:25,
F0120,NGA|NgaFactors|Compressed natural gas-Heavy duty vehicles|Australia|kg CO2-e/m3,NGA,NgaFactors,NgaFactors,,Compressed natural gas-Heavy duty vehicles,2026.0,2026,Australia,kg CO2-e/m3,2.1418500000000003,,0.7074,False,Published by the National Greenhouse Accounts.,NgaFactors.csv,,,,,,seed,2026-09-03T22:17:25,2026-09-03T22:17:25,
F0121,NGA|NgaFactors|Compressed natural gas-Light duty vehicles|Australia|kg CO2-e/m3,NGA,NgaFactors,NgaFactors,,Compressed natural gas-Light duty vehicles,2022.0,2022,Australia,kg CO2-e/m3,2.3187,,0.7074,False,Published by the National Greenhouse Accounts.,NgaFactors.csv,,,,,,seed,2026-09-03T22:17:25,2026-09-03T22:17:25,
F0122,NGA|NgaFactors|Compressed natural gas-Light duty vehicles|Australia|kg CO2-e/m3,NGA,NgaFactors,NgaFactors,,Compressed natural gas-Light duty vehicles,2023.0,2023,Australia,kg CO2-e/m3,2.3187,,0.7074,False,Published by the National Greenhouse Accounts.,NgaFactors.csv,,,,,,seed,2026-09-03T22:17:25,2026-09-03T22:17:25,
F0123,NGA|NgaFactors|Compressed natural gas-Light duty vehicles|Australia|kg CO2-e/m3,NGA,NgaFactors,NgaFactors,,Compressed natural gas-Light duty vehicles,2024.0,2024,Australia,kg CO2-e/m3,2.3187,,0.7074,False,Published by the National Greenhouse Accounts.,NgaFactors.csv,,,,,,seed,2026-09-03T22:17:25,2026-09-03T22:17:25,
F0124,NGA|NgaFactors|Compressed natural gas-Light duty vehicles|Australia|kg CO2-e/m3,NGA,NgaFactors,NgaFactors,,Compressed natural gas-Light duty vehicles,2025.0,2025,Australia,kg CO2-e/m3,2.3187,,0.7074,False,Published by the National Greenhouse Accounts.,NgaFactors.csv,,,,,,seed,2026-09-03T22:17:25,2026-09-03T22:17:25,
F0125,NGA|NgaFactors|Compressed natural gas-Light duty vehicles|Australia|kg CO2-e/m3,NGA,NgaFactors,NgaFactors,,Compressed natural gas-Light duty vehicles,2026.0,2026,Australia,kg CO2-e/m3,2.3187,,0.7074,False,Published by the National Greenhouse Accounts.,NgaFactors.csv,,,,,,seed,2026-09-03T22:17:25,2026-09-03T22:17:25,
F0126,NGA|NgaFactors|Crude oil including crude oil condensates|Australia|kg CO2-e/t,NGA,NgaFactors,NgaFactors,,Crude oil including crude oil condensates,2022.0,2022,Australia,kg CO2-e/t,3165.5639999999994,,,False,Published by the National Greenhouse Accounts.,NgaFactors.csv,,,,,,seed,2026-09-03T22:17:25,2026-09-03T22:17:25,
F0127,NGA|NgaFactors|Crude oil including crude oil condensates|Australia|kg CO2-e/t,NGA,NgaFactors,NgaFactors,,Crude oil including crude oil condensates,2023.0,2023,Australia,kg CO2-e/t,3165.5639999999994,,,False,Published by the National Greenhouse Accounts.,NgaFactors.csv,,,,,,seed,2026-09-03T22:17:25,2026-09-03T22:17:25,
F0128,NGA|NgaFactors|Crude oil including crude oil condensates|Australia|kg CO2-e/t,NGA,NgaFactors,NgaFactors,,Crude oil including crude oil condensates,2024.0,2024,Australia,kg CO2-e/t,3165.5639999999994,,,False,Published by the National Greenhouse Accounts.,NgaFactors.csv,,,,,,seed,2026-09-03T22:17:25,2026-09-03T22:17:25,
F0129,NGA|NgaFactors|Crude oil including crude oil condensates|Australia|kg CO2-e/t,NGA,NgaFactors,NgaFactors,,Crude oil including crude oil condensates,2025.0,2025,Australia,kg CO2-e/t,3165.5639999999994,,,False,Published by the National Greenhouse Accounts.,NgaFactors.csv,,,,,,seed,2026-09-03T22:17:25,2026-09-03T22:17:25,
F0130,NGA|NgaFactors|Crude oil including crude oil condensates|Australia|kg CO2-e/t,NGA,NgaFactors,NgaFactors,,Crude oil including crude oil condensates,2026.0,2026,Australia,kg CO2-e/t,3165.5639999999994,,,False,Published by the National Greenhouse Accounts.,NgaFactors.csv,,,,,,seed,2026-09-03T22:17:25,2026-09-03T22:17:25,
F0131,NGA|NgaFactors|Diesel oil|Australia|kg CO2-e/kL,NGA,NgaFactors,NgaFactors,,Diesel oil,2022.0,2022,Australia,kg CO2-e/kL,2709.7200000000003,,667.7800000000001,False,Published by the National Greenhouse Accounts.,NgaFactors.csv,,,,,,seed,2026-09-03T22:17:25,2026-09-03T22:17:25,
F0132,NGA|NgaFactors|Diesel oil|Australia|kg CO2-e/kL,NGA,NgaFactors,NgaFactors,,Diesel oil,2023.0,2023,Australia,kg CO2-e/kL,2709.7200000000003,,667.7800000000001,False,Published by the National Greenhouse Accounts.,NgaFactors.csv,,,,,,seed,2026-09-03T22:17:25,2026-09-03T22:17:25,
F0133,NGA|NgaFactors|Diesel oil|Australia|kg CO2-e/kL,NGA,NgaFactors,NgaFactors,,Diesel oil,2024.0,2024,Australia,kg CO2-e/kL,2709.7200000000003,,667.7800000000001,False,Published by the National Greenhouse Accounts.,NgaFactors.csv,,,,,,seed,2026-09-03T22:17:25,2026-09-03T22:17:25,
F0134,NGA|NgaFactors|Diesel oil|Australia|kg CO2-e/kL,NGA,NgaFactors,NgaFactors,,Diesel oil,2025.0,2025,Australia,kg CO2-e/kL,2709.7200000000003,,667.7800000000001,False,Published by the National Greenhouse Accounts.,NgaFactors.csv,,,,,,seed,2026-09-03T22:17:25,2026-09-03T22:17:25,
F0135,NGA|NgaFactors|Diesel oil|Australia|kg CO2-e/kL,NGA,NgaFactors,NgaFactors,,Diesel oil,2026.0,2026,Australia,kg CO2-e/kL,2709.7200000000003,,667.7800000000001,False,Published by the National Greenhouse Accounts.,NgaFactors.csv,,,,,,seed,2026-09-03T22:17:25,2026-09-03T22:17:25,
F0136,NGA|NgaFactors|Diesel oil - Euro i-Heavy duty vehicles|Australia|kg CO2-e/kL,NGA,NgaFactors,NgaFactors,,Diesel oil - Euro i-Heavy duty vehicles,2022.0,2022,Australia,kg CO2-e/kL,2721.3,,667.7800000000001,False,Published by the National Greenhouse Accounts.,NgaFactors.csv,,,,,,seed,2026-09-03T22:17:25,2026-09-03T22:17:25,
F0137,NGA|NgaFactors|Diesel oil - Euro i-Heavy duty vehicles|Australia|kg CO2-e/kL,NGA,NgaFactors,NgaFactors,,Diesel oil - Euro i-Heavy duty vehicles,2023.0,2023,Australia,kg CO2-e/kL,2721.3,,667.7800000000001,False,Published by the National Greenhouse Accounts.,NgaFactors.csv,,,,,,seed,2026-09-03T22:17:25,2026-09-03T22:17:25,
F0138,NGA|NgaFactors|Diesel oil - Euro i-Heavy duty vehicles|Australia|kg CO2-e/kL,NGA,NgaFactors,NgaFactors,,Diesel oil - Euro i-Heavy duty vehicles,2024.0,2024,Australia,kg CO2-e/kL,2721.3,,667.7800000000001,False,Published by the National Greenhouse Accounts.,NgaFactors.csv,,,,,,seed,2026-09-03T22:17:25,2026-09-03T22:17:25,
F0139,NGA|NgaFactors|Diesel oil - Euro i-Heavy duty vehicles|Australia|kg CO2-e/kL,NGA,NgaFactors,NgaFactors,,Diesel oil - Euro i-Heavy duty vehicles,2025.0,2025,Australia,kg CO2-e/kL,2721.3,,667.7800000000001,False,Published by the National Greenhouse Accounts.,NgaFactors.csv,,,,,,seed,2026-09-03T22:17:25,2026-09-03T22:17:25,
F0140,NGA|NgaFactors|Diesel oil - Euro i-Heavy duty vehicles|Australia|kg CO2-e/kL,NGA,NgaFactors,NgaFactors,,Diesel oil - Euro i-Heavy duty vehicles,2026.0,2026,Australia,kg CO2-e/kL,2721.3,,667.7800000000001,False,Published by the National Greenhouse Accounts.,NgaFactors.csv,,,,,,seed,2026-09-03T22:17:25,2026-09-03T22:17:25,
F0141,NGA|NgaFactors|Diesel oil - Euro iii-Heavy duty vehicles|Australia|kg CO2-e/kL,NGA,NgaFactors,NgaFactors,,Diesel oil - Euro iii-Heavy duty vehicles,2022.0,2022,Australia,kg CO2-e/kL,2717.4400000000005,,667.7800000000001,False,Published by the National Greenhouse Accounts.,NgaFactors.csv,,,,,,seed,2026-09-03T22:17:25,2026-09-03T22:17:25,
F0142,NGA|NgaFactors|Diesel oil - Euro iii-Heavy duty vehicles|Australia|kg CO2-e/kL,NGA,NgaFactors,NgaFactors,,Diesel oil - Euro iii-Heavy duty vehicles,2023.0,2023,Australia,kg CO2-e/kL,2717.4400000000005,,667.7800000000001,False,Published by the National Greenhouse Accounts.,NgaFactors.csv,,,,,,seed,2026-09-03T22:17:25,2026-09-03T22:17:25,
F0143,NGA|NgaFactors|Diesel oil - Euro iii-Heavy duty vehicles|Australia|kg CO2-e/kL,NGA,NgaFactors,NgaFactors,,Diesel oil - Euro iii-Heavy duty vehicles,2024.0,2024,Australia,kg CO2-e/kL,2717.4400000000005,,667.7800000000001,False,Published by the National Greenhouse Accounts.,NgaFactors.csv,,,,,,seed,2026-09-03T22:17:25,2026-09-03T22:17:25,
F0144,NGA|NgaFactors|Diesel oil - Euro iii-Heavy duty vehicles|Australia|kg CO2-e/kL,NGA,NgaFactors,NgaFactors,,Diesel oil - Euro iii-Heavy duty vehicles,2025.0,2025,Australia,kg CO2-e/kL,2717.4400000000005,,667.7800000000001,False,Published by the National Greenhouse Accounts.,NgaFactors.csv,,,,,,seed,2026-09-03T22:17:25,2026-09-03T22:17:25,
F0145,NGA|NgaFactors|Diesel oil - Euro iii-Heavy duty vehicles|Australia|kg CO2-e/kL,NGA,NgaFactors,NgaFactors,,Diesel oil - Euro iii-Heavy duty vehicles,2026.0,2026,Australia,kg CO2-e/kL,2717.4400000000005,,667.7800000000001,False,Published by the National Greenhouse Accounts.,NgaFactors.csv,,,,,,seed,2026-09-03T22:17:25,2026-09-03T22:17:25,
F0146,NGA|NgaFactors|Diesel oil - Euro iv or higher-Heavy duty vehicles|Australia|kg CO2-e/kL,NGA,NgaFactors,NgaFactors,,Diesel oil - Euro iv or higher-Heavy duty vehicles,2022.0,2022,Australia,kg CO2-e/kL,2716.282,,667.7800000000001,False,Published by the National Greenhouse Accounts.,NgaFactors.csv,,,,,,seed,2026-09-03T22:17:25,2026-09-03T22:17:25,
F0147,NGA|NgaFactors|Diesel oil - Euro iv or higher-Heavy duty vehicles|Australia|kg CO2-e/kL,NGA,NgaFactors,NgaFactors,,Diesel oil - Euro iv or higher-Heavy duty vehicles,2023.0,2023,Australia,kg CO2-e/kL,2716.282,,667.7800000000001,False,Published by the National Greenhouse Accounts.,NgaFactors.csv,,,,,,seed,2026-09-03T22:17:25,2026-09-03T22:17:25,
F0148,NGA|NgaFactors|Diesel oil - Euro iv or higher-Heavy duty vehicles|Australia|kg CO2-e/kL,NGA,NgaFactors,NgaFactors,,Diesel oil - Euro iv or higher-Heavy duty vehicles,2024.0,2024,Australia,kg CO2-e/kL,2716.282,,667.7800000000001,False,Published by the National Greenhouse Accounts.,NgaFactors.csv,,,,,,seed,2026-09-03T22:17:25,2026-09-03T22:17:25,
F0149,NGA|NgaFactors|Diesel oil - Euro iv or higher-Heavy duty vehicles|Australia|kg CO2-e/kL,NGA,NgaFactors,NgaFactors,,Diesel oil - Euro iv or higher-Heavy duty vehicles,2025.0,2025,Australia,kg CO2-e/kL,2716.282,,667.7800000000001,False,Published by the National Greenhouse Accounts.,NgaFactors.csv,,,,,,seed,2026-09-03T22:17:25,2026-09-03T22:17:25,
F0150,NGA|NgaFactors|Diesel oil - Euro iv or higher-Heavy duty vehicles|Australia|kg CO2-e/kL,NGA,NgaFactors,NgaFactors,,Diesel oil - Euro iv or higher-Heavy duty vehicles,2026.0,2026,Australia,kg CO2-e/kL,2716.282,,667.7800000000001,False,Published by the National Greenhouse Accounts.,NgaFactors.csv,,,,,,seed,2026-09-03T22:17:25,2026-09-03T22:17:25,
F0151,NGA|NgaFactors|Diesel oil-Cars and light commercial vehicles|Australia|kg CO2-e/kL,NGA,NgaFactors,NgaFactors,,Diesel oil-Cars and light commercial vehicles,2022.0,2022,Australia,kg CO2-e/kL,2717.826,,667.7800000000001,False,Published by the National Greenhouse Accounts.,NgaFactors.csv,,,,,,seed,2026-09-03T22:17:25,2026-09-03T22:17:25,
F0152,NGA|NgaFactors|Diesel oil-Cars and light commercial vehicles|Australia|kg CO2-e/kL,NGA,NgaFactors,NgaFactors,,Diesel oil-Cars and light commercial vehicles,2023.0,2023,Australia,kg CO2-e/kL,2717.826,,667.7800000000001,False,Published by the National Greenhouse Accounts.,NgaFactors.csv,,,,,,seed,2026-09-03T22:17:25,2026-09-03T22:17:25,
F0153,NGA|NgaFactors|Diesel oil-Cars and light commercial vehicles|Australia|kg CO2-e/kL,NGA,NgaFactors,NgaFactors,,Diesel oil-Cars and light commercial vehicles,2024.0,2024,Australia,kg CO2-e/kL,2717.826,,667.7800000000001,False,Published by the National Greenhouse Accounts.,NgaFactors.csv,,,,,,seed,2026-09-03T22:17:25,2026-09-03T22:17:25,
F0154,NGA|NgaFactors|Diesel oil-Cars and light commercial vehicles|Australia|kg CO2-e/kL,NGA,NgaFactors,NgaFactors,,Diesel oil-Cars and light commercial vehicles,2025.0,2025,Australia,kg CO2-e/kL,2717.826,,667.7800000000001,False,Published by the National Greenhouse Accounts.,NgaFactors.csv,,,,,,seed,2026-09-03T22:17:25,2026-09-03T22:17:25,
F0155,NGA|NgaFactors|Diesel oil-Cars and light commercial vehicles|Australia|kg CO2-e/kL,NGA,NgaFactors,NgaFactors,,Diesel oil-Cars and light commercial vehicles,2026.0,2026,Australia,kg CO2-e/kL,2717.826,,667.7800000000001,False,Published by the National Greenhouse Accounts.,NgaFactors.csv,,,,,,seed,2026-09-03T22:17:25,2026-09-03T22:17:25,
F0156,NGA|NgaFactors|Dry wood|Australia|kg CO2-e/t,NGA,NgaFactors,NgaFactors,,Dry wood,2022.0,2022,Australia,kg CO2-e/t,19.44,,,False,Published by the National Greenhouse Accounts.,NgaFactors.csv,,,,,,seed,2026-09-03T22:17:25,2026-09-03T22:17:25,
F0157,NGA|NgaFactors|Dry wood|Australia|kg CO2-e/t,NGA,NgaFactors,NgaFactors,,Dry wood,2023.0,2023,Australia,kg CO2-e/t,19.44,,,False,Published by the National Greenhouse Accounts.,NgaFactors.csv,,,,,,seed,2026-09-03T22:17:25,2026-09-03T22:17:25,
F0158,NGA|NgaFactors|Dry wood|Australia|kg CO2-e/t,NGA,NgaFactors,NgaFactors,,Dry wood,2024.0,2024,Australia,kg CO2-e/t,19.44,,,False,Published by the National Greenhouse Accounts.,NgaFactors.csv,,,,,,seed,2026-09-03T22:17:25,2026-09-03T22:17:25,
F0159,NGA|NgaFactors|Dry wood|Australia|kg CO2-e/t,NGA,NgaFactors,NgaFactors,,Dry wood,2025.0,2025,Australia,kg CO2-e/t,19.44,,,False,Published by the National Greenhouse Accounts.,NgaFactors.csv,,,,,,seed,2026-09-03T22:17:25,2026-09-03T22:17:25,
F0160,NGA|NgaFactors|Dry wood|Australia|kg CO2-e/t,NGA,NgaFactors,NgaFactors,,Dry wood,2026.0,2026,Australia,kg CO2-e/t,19.44,,,False,Published by the National Greenhouse Accounts.,NgaFactors.csv,,,,,,seed,2026-09-03T22:17:25,2026-09-03T22:17:25,
F0161,NGA|NgaFactors|Ethane|Australia|kg CO2-e/m3,NGA,NgaFactors,NgaFactors,,Ethane,2022.0,2022,Australia,kg CO2-e/m3,3.557624,,,False,Published by the National Greenhouse Accounts.,NgaFactors.csv,,,,,,seed,2026-09-03T22:17:25,2026-09-03T22:17:25,
F0162,NGA|NgaFactors|Ethane|Australia|kg CO2-e/m3,NGA,NgaFactors,NgaFactors,,Ethane,2023.0,2023,Australia,kg CO2-e/m3,3.557624,,,False,Published by the National Greenhouse Accounts.,NgaFactors.csv,,,,,,seed,2026-09-03T22:17:25,2026-09-03T22:17:25,
F0163,NGA|NgaFactors|Ethane|Australia|kg CO2-e/m3,NGA,NgaFactors,NgaFactors,,Ethane,2024.0,2024,Australia,kg CO2-e/m3,3.557624,,,False,Published by the National Greenhouse Accounts.,NgaFactors.csv,,,,,,seed,2026-09-03T22:17:25,2026-09-03T22:17:25,
F0164,NGA|NgaFactors|Ethane|Australia|kg CO2-e/m3,NGA,NgaFactors,NgaFactors,,Ethane,2025.0,2025,Australia,kg CO2-e/m3,3.557624,,,False,Published by the National Greenhouse Accounts.,NgaFactors.csv,,,,,,seed,2026-09-03T22:17:25,2026-09-03T22:17:25,
F0165,NGA|NgaFactors|Ethane|Australia|kg CO2-e/m3,NGA,NgaFactors,NgaFactors,,Ethane,2026.0,2026,Australia,kg CO2-e/m3,3.557624,,,False,Published by the National Greenhouse Accounts.,NgaFactors.csv,,,,,,seed,2026-09-03T22:17:25,2026-09-03T22:17:25,
F0166,NGA|NgaFactors|Ethane-New South Wales|Australia|kg CO2-e/m3,NGA,NgaFactors,NgaFactors,,Ethane-New South Wales,2022.0,2022,Australia,kg CO2-e/m3,,,1.49073,False,Published by the National Greenhouse Accounts.,NgaFactors.csv,,,,,,seed,2026-09-03T22:17:25,2026-09-03T22:17:25,
F0167,NGA|NgaFactors|Ethane-New South Wales|Australia|kg CO2-e/m3,NGA,NgaFactors,NgaFactors,,Ethane-New South Wales,2023.0,2023,Australia,kg CO2-e/m3,,,1.49073,False,Published by the National Greenhouse Accounts.,NgaFactors.csv,,,,,,seed,2026-09-03T22:17:25,2026-09-03T22:17:25,
F0168,NGA|NgaFactors|Ethane-New South Wales|Australia|kg CO2-e/m3,NGA,NgaFactors,NgaFactors,,Ethane-New South Wales,2024.0,2024,Australia,kg CO2-e/m3,,,1.49073,False,Published by the National Greenhouse Accounts.,NgaFactors.csv,,,,,,seed,2026-09-03T22:17:25,2026-09-03T22:17:25,
F0169,NGA|NgaFactors|Ethane-New South Wales|Australia|kg CO2-e/m3,NGA,NgaFactors,NgaFactors,,Ethane-New South Wales,2025.0,2025,Australia,kg CO2-e/m3,,,1.49073,False,Published by the National Greenhouse Accounts.,NgaFactors.csv,,,,,,seed,2026-09-03T22:17:25,2026-09-03T22:17:25,
F0170,NGA|NgaFactors|Ethane-New South Wales|Australia|kg CO2-e/m3,NGA,NgaFactors,NgaFactors,,Ethane-New South Wales,2026.0,2026,Australia,kg CO2-e/m3,,,1.49073,False,Published by the National Greenhouse Accounts.,NgaFactors.csv,,,,,,seed,2026-09-03T22:17:25,2026-09-03T22:17:25,
F0171,NGA|NgaFactors|Ethane-Victoria|Australia|kg CO2-e/m3,NGA,NgaFactors,NgaFactors,,Ethane-Victoria,2022.0,2022,Australia,kg CO2-e/m3,,,0.35853,False,Published by the National Greenhouse Accounts.,NgaFactors.csv,,,,,,seed,2026-09-03T22:17:25,2026-09-03T22:17:25,
F0172,NGA|NgaFactors|Ethane-Victoria|Australia|kg CO2-e/m3,NGA,NgaFactors,NgaFactors,,Ethane-Victoria,2023.0,2023,Australia,kg CO2-e/m3,,,0.35853,False,Published by the National Greenhouse Accounts.,NgaFactors.csv,,,,,,seed,2026-09-03T22:17:25,2026-09-03T22:17:25,
F0173,NGA|NgaFactors|Ethane-Victoria|Australia|kg CO2-e/m3,NGA,NgaFactors,NgaFactors,,Ethane-Victoria,2024.0,2024,Australia,kg CO2-e/m3,,,0.35853,False,Published by the National Greenhouse Accounts.,NgaFactors.csv,,,,,,seed,2026-09-03T22:17:25,2026-09-03T22:17:25,
F0174,NGA|NgaFactors|Ethane-Victoria|Australia|kg CO2-e/m3,NGA,NgaFactors,NgaFactors,,Ethane-Victoria,2025.0,2025,Australia,kg CO2-e/m3,,,0.35853,False,Published by the National Greenhouse Accounts.,NgaFactors.csv,,,,,,seed,2026-09-03T22:17:25,2026-09-03T22:17:25,
F0175,NGA|NgaFactors|Ethane-Victoria|Australia|kg CO2-e/m3,NGA,NgaFactors,NgaFactors,,Ethane-Victoria,2026.0,2026,Australia,kg CO2-e/m3,,,0.35853,False,Published by the National Greenhouse Accounts.,NgaFactors.csv,,,,,,seed,2026-09-03T22:17:25,2026-09-03T22:17:25,
F0176,NGA|NgaFactors|Ethanol for use as a fuel in an internal combustion engine|Australia|kg CO2-e/kL,NGA,NgaFactors,NgaFactors,,Ethanol for use as a fuel in an internal combustion engine,2022.0,2022,Australia,kg CO2-e/kL,6.5520000000000005,,,False,Published by the National Greenhouse Accounts.,NgaFactors.csv,,,,,,seed,2026-09-03T22:17:25,2026-09-03T22:17:25,
F0177,NGA|NgaFactors|Ethanol for use as a fuel in an internal combustion engine|Australia|kg CO2-e/kL,NGA,NgaFactors,NgaFactors,,Ethanol for use as a fuel in an internal combustion engine,2023.0,2023,Australia,kg CO2-e/kL,6.5520000000000005,,,False,Published by the National Greenhouse Accounts.,NgaFactors.csv,,,,,,seed,2026-09-03T22:17:25,2026-09-03T22:17:25,
F0178,NGA|NgaFactors|Ethanol for use as a fuel in an internal combustion engine|Australia|kg CO2-e/kL,NGA,NgaFactors,NgaFactors,,Ethanol for use as a fuel in an internal combustion engine,2024.0,2024,Australia,kg CO2-e/kL,6.5520000000000005,,,False,Published by the National Greenhouse Accounts.,NgaFactors.csv,,,,,,seed,2026-09-03T22:17:25,2026-09-03T22:17:25,
F0179,NGA|NgaFactors|Ethanol for use as a fuel in an internal combustion engine|Australia|kg CO2-e/kL,NGA,NgaFactors,NgaFactors,,Ethanol for use as a fuel in an internal combustion engine,2025.0,2025,Australia,kg CO2-e/kL,6.5520000000000005,,,False,Published by the National Greenhouse Accounts.,NgaFactors.csv,,,,,,seed,2026-09-03T22:17:25,2026-09-03T22:17:25,
F0180,NGA|NgaFactors|Ethanol for use as a fuel in an internal combustion engine|Australia|kg CO2-e/kL,NGA,NgaFactors,NgaFactors,,Ethanol for use as a fuel in an internal combustion engine,2026.0,2026,Australia,kg CO2-e/kL,6.5520000000000005,,,False,Published by the National Greenhouse Accounts.,NgaFactors.csv,,,,,,seed,2026-09-03T22:17:25,2026-09-03T22:17:25,
F0181,NGA|NgaFactors|Ethanol-Cars and light commercial vehicles|Australia|kg CO2-e/kL,NGA,NgaFactors,NgaFactors,,Ethanol-Cars and light commercial vehicles,2022.0,2022,Australia,kg CO2-e/kL,9.36,,,False,Published by the National Greenhouse Accounts.,NgaFactors.csv,,,,,,seed,2026-09-03T22:17:25,2026-09-03T22:17:25,
F0182,NGA|NgaFactors|Ethanol-Cars and light commercial vehicles|Australia|kg CO2-e/kL,NGA,NgaFactors,NgaFactors,,Ethanol-Cars and light commercial vehicles,2023.0,2023,Australia,kg CO2-e/kL,9.36,,,False,Published by the National Greenhouse Accounts.,NgaFactors.csv,,,,,,seed,2026-09-03T22:17:25,2026-09-03T22:17:25,
F0183,NGA|NgaFactors|Ethanol-Cars and light commercial vehicles|Australia|kg CO2-e/kL,NGA,NgaFactors,NgaFactors,,Ethanol-Cars and light commercial vehicles,2024.0,2024,Australia,kg CO2-e/kL,9.36,,,False,Published by the National Greenhouse Accounts.,NgaFactors.csv,,,,,,seed,2026-09-03T22:17:25,2026-09-03T22:17:25,
F0184,NGA|NgaFactors|Ethanol-Cars and light commercial vehicles|Australia|kg CO2-e/kL,NGA,NgaFactors,NgaFactors,,Ethanol-Cars and light commercial vehicles,2025.0,2025,Australia,kg CO2-e/kL,9.36,,,False,Published by the National Greenhouse Accounts.,NgaFactors.csv,,,,,,seed,2026-09-03T22:17:25,2026-09-03T22:17:25,
F0185,NGA|NgaFactors|Ethanol-Cars and light commercial vehicles|Australia|kg CO2-e/kL,NGA,NgaFactors,NgaFactors,,Ethanol-Cars and light commercial vehicles,2026.0,2026,Australia,kg CO2-e/kL,9.36,,,False,Published by the National Greenhouse Accounts.,NgaFactors.csv,,,,,,seed,2026-09-03T22:17:25,2026-09-03T22:17:25,
F0186,NGA|NgaFactors|Fuel oil|Australia|kg CO2-e/kL,NGA,NgaFactors,NgaFactors,,Fuel oil,2022.0,2022,Australia,kg CO2-e/kL,2931.4480000000003,,714.6,False,Published by the National Greenhouse Accounts.,NgaFactors.csv,,,,,,seed,2026-09-03T22:17:25,2026-09-03T22:17:25,
F0187,NGA|NgaFactors|Fuel oil|Australia|kg CO2-e/kL,NGA,NgaFactors,NgaFactors,,Fuel oil,2023.0,2023,Australia,kg CO2-e/kL,2931.4480000000003,,714.6,False,Published by the National Greenhouse Accounts.,NgaFactors.csv,,,,,,seed,2026-09-03T22:17:25,2026-09-03T22:17:25,
F0188,NGA|NgaFactors|Fuel oil|Australia|kg CO2-e/kL,NGA,NgaFactors,NgaFactors,,Fuel oil,2024.0,2024,Australia,kg CO2-e/kL,2931.4480000000003,,714.6,False,Published by the National Greenhouse Accounts.,NgaFactors.csv,,,,,,seed,2026-09-03T22:17:25,2026-09-03T22:17:25,
F0189,NGA|NgaFactors|Fuel oil|Australia|kg CO2-e/kL,NGA,NgaFactors,NgaFactors,,Fuel oil,2025.0,2025,Australia,kg CO2-e/kL,2931.4480000000003,,714.6,False,Published by the National Greenhouse Accounts.,NgaFactors.csv,,,,,,seed,2026-09-03T22:17:25,2026-09-03T22:17:25,
F0190,NGA|NgaFactors|Fuel oil|Australia|kg CO2-e/kL,NGA,NgaFactors,NgaFactors,,Fuel oil,2026.0,2026,Australia,kg CO2-e/kL,2931.4480000000003,,714.6,False,Published by the National Greenhouse Accounts.,NgaFactors.csv,,,,,,seed,2026-09-03T22:17:25,2026-09-03T22:17:25,
F0191,NGA|NgaFactors|Fuel oil-Cars and light commercial vehicles|Australia|kg CO2-e/kL,NGA,NgaFactors,NgaFactors,,Fuel oil-Cars and light commercial vehicles,2022.0,2022,Australia,kg CO2-e/kL,2944.9460000000004,,714.6,False,Published by the National Greenhouse Accounts.,NgaFactors.csv,,,,,,seed,2026-09-03T22:17:25,2026-09-03T22:17:25,
F0192,NGA|NgaFactors|Fuel oil-Cars and light commercial vehicles|Australia|kg CO2-e/kL,NGA,NgaFactors,NgaFactors,,Fuel oil-Cars and light commercial vehicles,2023.0,2023,Australia,kg CO2-e/kL,2944.9460000000004,,714.6,False,Published by the National Greenhouse Accounts.,NgaFactors.csv,,,,,,seed,2026-09-03T22:17:25,2026-09-03T22:17:25,
F0193,NGA|NgaFactors|Fuel oil-Cars and light commercial vehicles|Australia|kg CO2-e/kL,NGA,NgaFactors,NgaFactors,,Fuel oil-Cars and light commercial vehicles,2024.0,2024,Australia,kg CO2-e/kL,2944.9460000000004,,714.6,False,Published by the National Greenhouse Accounts.,NgaFactors.csv,,,,,,seed,2026-09-03T22:17:25,2026-09-03T22:17:25,
F0194,NGA|NgaFactors|Fuel oil-Cars and light commercial vehicles|Australia|kg CO2-e/kL,NGA,NgaFactors,NgaFactors,,Fuel oil-Cars and light commercial vehicles,2025.0,2025,Australia,kg CO2-e/kL,2944.9460000000004,,714.6,False,Published by the National Greenhouse Accounts.,NgaFactors.csv,,,,,,seed,2026-09-03T22:17:25,2026-09-03T22:17:25,
F0195,NGA|NgaFactors|Fuel oil-Cars and light commercial vehicles|Australia|kg CO2-e/kL,NGA,NgaFactors,NgaFactors,,Fuel oil-Cars and light commercial vehicles,2026.0,2026,Australia,kg CO2-e/kL,2944.9460000000004,,714.6,False,Published by the National Greenhouse Accounts.,NgaFactors.csv,,,,,,seed,2026-09-03T22:17:25,2026-09-03T22:17:25,
F0196,NGA|NgaFactors|Gaseous fossil fuels other than those mentioned in the items above|Australia|kg CO2-e/m3,NGA,NgaFactors,NgaFactors,,Gaseous fossil fuels other than those mentioned in the items above,2022.0,2022,Australia,kg CO2-e/m3,2.00967,,,False,Published by the National Greenhouse Accounts.,NgaFactors.csv,,,,,,seed,2026-09-03T22:17:25,2026-09-03T22:17:25,
F0197,NGA|NgaFactors|Gaseous fossil fuels other than those mentioned in the items above|Australia|kg CO2-e/m3,NGA,NgaFactors,NgaFactors,,Gaseous fossil fuels other than those mentioned in the items above,2023.0,2023,Australia,kg CO2-e/m3,2.00967,,,False,Published by the National Greenhouse Accounts.,NgaFactors.csv,,,,,,seed,2026-09-03T22:17:25,2026-09-03T22:17:25,
F0198,NGA|NgaFactors|Gaseous fossil fuels other than those mentioned in the items above|Australia|kg CO2-e/m3,NGA,NgaFactors,NgaFactors,,Gaseous fossil fuels other than those mentioned in the items above,2024.0,2024,Australia,kg CO2-e/m3,2.00967,,,False,Published by the National Greenhouse Accounts.,NgaFactors.csv,,,,,,seed,2026-09-03T22:17:25,2026-09-03T22:17:25,
F0199,NGA|NgaFactors|Gaseous fossil fuels other than those mentioned in the items above|Australia|kg CO2-e/m3,NGA,NgaFactors,NgaFactors,,Gaseous fossil fuels other than those mentioned in the items above,2025.0,2025,Australia,kg CO2-e/m3,2.00967,,,False,Published by the National Greenhouse Accounts.,NgaFactors.csv,,,,,,seed,2026-09-03T22:17:25,2026-09-03T22:17:25,
F0200,NGA|NgaFactors|Gaseous fossil fuels other than those mentioned in the items above|Australia|kg CO2-e/m3,NGA,NgaFactors,NgaFactors,,Gaseous fossil fuels other than those mentioned in the items above,2026.0,2026,Australia,kg CO2-e/m3,2.00967,,,False,Published by the National Greenhouse Accounts.,NgaFactors.csv,,,,,,seed,2026-09-03T22:17:25,2026-09-03T22:17:25,
F0201,NGA|NgaFactors|Gasoline for use as fuel in an aircraft-Aviation|Australia|kg CO2-e/kL,NGA,NgaFactors,NgaFactors,,Gasoline for use as fuel in an aircraft-Aviation,2022.0,2022,Australia,kg CO2-e/kL,2239.546,,595.8000000000001,False,Published by the National Greenhouse Accounts.,NgaFactors.csv,,,,,,seed,2026-09-03T22:17:25,2026-09-03T22:17:25,
F0202,NGA|NgaFactors|Gasoline for use as fuel in an aircraft-Aviation|Australia|kg CO2-e/kL,NGA,NgaFactors,NgaFactors,,Gasoline for use as fuel in an aircraft-Aviation,2023.0,2023,Australia,kg CO2-e/kL,2239.546,,595.8000000000001,False,Published by the National Greenhouse Accounts.,NgaFactors.csv,,,,,,seed,2026-09-03T22:17:25,2026-09-03T22:17:25,
F0203,NGA|NgaFactors|Gasoline for use as fuel in an aircraft-Aviation|Australia|kg CO2-e/kL,NGA,NgaFactors,NgaFactors,,Gasoline for use as fuel in an aircraft-Aviation,2024.0,2024,Australia,kg CO2-e/kL,2239.546,,595.8000000000001,False,Published by the National Greenhouse Accounts.,NgaFactors.csv,,,,,,seed,2026-09-03T22:17:25,2026-09-03T22:17:25,
F0204,NGA|NgaFactors|Gasoline for use as fuel in an aircraft-Aviation|Australia|kg CO2-e/kL,NGA,NgaFactors,NgaFactors,,Gasoline for use as fuel in an aircraft-Aviation,2025.0,2025,Australia,kg CO2-e/kL,2239.546,,595.8000000000001,False,Published by the National Greenhouse Accounts.,NgaFactors.csv,,,,,,seed,2026-09-03T22:17:25,2026-09-03T22:17:25,
F0205,NGA|NgaFactors|Gasoline for use as fuel in an aircraft-Aviation|Australia|kg CO2-e/kL,NGA,NgaFactors,NgaFactors,,Gasoline for use as fuel in an aircraft-Aviation,2026.0,2026,Australia,kg CO2-e/kL,2239.546,,595.8000000000001,False,Published by the National Greenhouse Accounts.,NgaFactors.csv,,,,,,seed,2026-09-03T22:17:25,2026-09-03T22:17:25,
F0206,NGA|NgaFactors|Gasoline-Cars and light commercial vehicles|Australia|kg CO2-e/kL,NGA,NgaFactors,NgaFactors,,Gasoline-Cars and light commercial vehicles,2022.0,2022,Australia,kg CO2-e/kL,2312.6040000000003,,588.24,False,Published by the National Greenhouse Accounts.,NgaFactors.csv,,,,,,seed,2026-09-03T22:17:25,2026-09-03T22:17:25,
F0207,NGA|NgaFactors|Gasoline-Cars and light commercial vehicles|Australia|kg CO2-e/kL,NGA,NgaFactors,NgaFactors,,Gasoline-Cars and light commercial vehicles,2023.0,2023,Australia,kg CO2-e/kL,2312.6040000000003,,588.24,False,Published by the National Greenhouse Accounts.,NgaFactors.csv,,,,,,seed,2026-09-03T22:17:25,2026-09-03T22:17:25,
F0208,NGA|NgaFactors|Gasoline-Cars and light commercial vehicles|Australia|kg CO2-e/kL,NGA,NgaFactors,NgaFactors,,Gasoline-Cars and light commercial vehicles,2024.0,2024,Australia,kg CO2-e/kL,2312.6040000000003,,588.24,False,Published by the National Greenhouse Accounts.,NgaFactors.csv,,,,,,seed,2026-09-03T22:17:25,2026-09-03T22:17:25,
F0209,NGA|NgaFactors|Gasoline-Cars and light commercial vehicles|Australia|kg CO2-e/kL,NGA,NgaFactors,NgaFactors,,Gasoline-Cars and light commercial vehicles,2025.0,2025,Australia,kg CO2-e/kL,2312.6040000000003,,588.24,False,Published by the National Greenhouse Accounts.,NgaFactors.csv,,,,,,seed,2026-09-03T22:17:25,2026-09-03T22:17:25,
F0210,NGA|NgaFactors|Gasoline-Cars and light commercial vehicles|Australia|kg CO2-e/kL,NGA,NgaFactors,NgaFactors,,Gasoline-Cars and light commercial vehicles,2026.0,2026,Australia,kg CO2-e/kL,2312.6040000000003,,588.24,False,Published by the National Greenhouse Accounts.,NgaFactors.csv,,,,,,seed,2026-09-03T22:17:25,2026-09-03T22:17:25,
F0211,NGA|NgaFactors|Green and air dried wood|Australia|kg CO2-e/t,NGA,NgaFactors,NgaFactors,,Green and air dried wood,2022.0,2022,Australia,kg CO2-e/t,12.48,,,False,Published by the National Greenhouse Accounts.,NgaFactors.csv,,,,,,seed,2026-09-03T22:17:25,2026-09-03T22:17:25,
F0212,NGA|NgaFactors|Green and air dried wood|Australia|kg CO2-e/t,NGA,NgaFactors,NgaFactors,,Green and air dried wood,2023.0,2023,Australia,kg CO2-e/t,12.48,,,False,Published by the National Greenhouse Accounts.,NgaFactors.csv,,,,,,seed,2026-09-03T22:17:25,2026-09-03T22:17:25,
F0213,NGA|NgaFactors|Green and air dried wood|Australia|kg CO2-e/t,NGA,NgaFactors,NgaFactors,,Green and air dried wood,2024.0,2024,Australia,kg CO2-e/t,12.48,,,False,Published by the National Greenhouse Accounts.,NgaFactors.csv,,,,,,seed,2026-09-03T22:17:25,2026-09-03T22:17:25,
F0214,NGA|NgaFactors|Green and air dried wood|Australia|kg CO2-e/t,NGA,NgaFactors,NgaFactors,,Green and air dried wood,2025.0,2025,Australia,kg CO2-e/t,12.48,,,False,Published by the National Greenhouse Accounts.,NgaFactors.csv,,,,,,seed,2026-09-03T22:17:25,2026-09-03T22:17:25,
F0215,NGA|NgaFactors|Green and air dried wood|Australia|kg CO2-e/t,NGA,NgaFactors,NgaFactors,,Green and air dried wood,2026.0,2026,Australia,kg CO2-e/t,12.48,,,False,Published by the National Greenhouse Accounts.,NgaFactors.csv,,,,,,seed,2026-09-03T22:17:25,2026-09-03T22:17:25,
F0216,NGA|NgaFactors|Grid electricity|NSW|kg CO2-e/kWh,NGA,NgaFactors,NgaFactors,,Grid electricity,2022.0,2022,NSW,kg CO2-e/kWh,,0.73,0.06,False,Published by the National Greenhouse Accounts.,NgaFactors.csv,,,,,,seed,2026-09-03T22:17:25,2026-09-03T22:17:25,
F0217,NGA|NgaFactors|Grid electricity|NWIS|kg CO2-e/kWh,NGA,NgaFactors,NgaFactors,,Grid electricity,2022.0,2022,NWIS,kg CO2-e/kWh,,0.58,,False,Published by the National Greenhouse Accounts.,NgaFactors.csv,,,,,,seed,2026-09-03T22:17:25,2026-09-03T22:17:25,
F0218,NGA|NgaFactors|Grid electricity|National|kg CO2-e/kWh,NGA,NgaFactors,NgaFactors,,Grid electricity,2022.0,2022,National,kg CO2-e/kWh,,0.68,0.09,False,Published by the National Greenhouse Accounts.,NgaFactors.csv,,,,,,seed,2026-09-03T22:17:25,2026-09-03T22:17:25,
F0219,NGA|NgaFactors|Grid electricity|QLD|kg CO2-e/kWh,NGA,NgaFactors,NgaFactors,,Grid electricity,2022.0,2022,QLD,kg CO2-e/kWh,,0.73,0.15,False,Published by the National Greenhouse Accounts.,NgaFactors.csv,,,,,,seed,2026-09-03T22:17:25,2026-09-03T22:17:25,
F0220,NGA|NgaFactors|Grid electricity|SA|kg CO2-e/kWh,NGA,NgaFactors,NgaFactors,,Grid electricity,2022.0,2022,SA,kg CO2-e/kWh,,0.25,0.08,False,Published by the National Greenhouse Accounts.,NgaFactors.csv,,,,,,seed,2026-09-03T22:17:25,2026-09-03T22:17:25,
F0221,NGA|NgaFactors|Grid electricity|TAS|kg CO2-e/kWh,NGA,NgaFactors,NgaFactors,,Grid electricity,2022.0,2022,TAS,kg CO2-e/kWh,,0.17,0.01,False,Published by the National Greenhouse Accounts.,NgaFactors.csv,,,,,,seed,2026-09-03T22:17:25,2026-09-03T22:17:25,
F0222,NGA|NgaFactors|Grid electricity|VIC|kg CO2-e/kWh,NGA,NgaFactors,NgaFactors,,Grid electricity,2022.0,2022,VIC,kg CO2-e/kWh,,0.85,0.07,False,Published by the National Greenhouse Accounts.,NgaFactors.csv,,,,,,seed,2026-09-03T22:17:25,2026-09-03T22:17:25,
F0223,NGA|NgaFactors|Grid electricity|NSW|kg CO2-e/kWh,NGA,NgaFactors,NgaFactors,,Grid electricity,2023.0,2023,NSW,kg CO2-e/kWh,,0.68,0.05,False,Published by the National Greenhouse Accounts.,NgaFactors.csv,,,,,,seed,2026-09-03T22:17:25,2026-09-03T22:17:25,
F0224,NGA|NgaFactors|Grid electricity|NWIS|kg CO2-e/kWh,NGA,NgaFactors,NgaFactors,,Grid electricity,2023.0,2023,NWIS,kg CO2-e/kWh,,0.62,0.07,False,Published by the National Greenhouse Accounts.,NgaFactors.csv,,,,,,seed,2026-09-03T22:17:25,2026-09-03T22:17:25,
F0225,NGA|NgaFactors|Grid electricity|National|kg CO2-e/kWh,NGA,NgaFactors,NgaFactors,,Grid electricity,2023.0,2023,National,kg CO2-e/kWh,,0.65,0.08,False,Published by the National Greenhouse Accounts.,NgaFactors.csv,,,,,,seed,2026-09-03T22:17:25,2026-09-03T22:17:25,
F0226,NGA|NgaFactors|Grid electricity|QLD|kg CO2-e/kWh,NGA,NgaFactors,NgaFactors,,Grid electricity,2023.0,2023,QLD,kg CO2-e/kWh,,0.73,0.15,False,Published by the National Greenhouse Accounts.,NgaFactors.csv,,,,,,seed,2026-09-03T22:17:25,2026-09-03T22:17:25,
F0227,NGA|NgaFactors|Grid electricity|SA|kg CO2-e/kWh,NGA,NgaFactors,NgaFactors,,Grid electricity,2023.0,2023,SA,kg CO2-e/kWh,,0.25,0.08,False,Published by the National Greenhouse Accounts.,NgaFactors.csv,,,,,,seed,2026-09-03T22:17:25,2026-09-03T22:17:25,
F0228,NGA|NgaFactors|Grid electricity|TAS|kg CO2-e/kWh,NGA,NgaFactors,NgaFactors,,Grid electricity,2023.0,2023,TAS,kg CO2-e/kWh,,0.12,0.01,False,Published by the National Greenhouse Accounts.,NgaFactors.csv,,,,,,seed,2026-09-03T22:17:25,2026-09-03T22:17:25,
F0229,NGA|NgaFactors|Grid electricity|VIC|kg CO2-e/kWh,NGA,NgaFactors,NgaFactors,,Grid electricity,2023.0,2023,VIC,kg CO2-e/kWh,,0.79,0.07,False,Published by the National Greenhouse Accounts.,NgaFactors.csv,,,,,,seed,2026-09-03T22:17:25,2026-09-03T22:17:25,
F0230,NGA|NgaFactors|Grid electricity|NSW|kg CO2-e/kWh,NGA,NgaFactors,NgaFactors,,Grid electricity,2024.0,2024,NSW,kg CO2-e/kWh,,0.66,0.04,False,Published by the National Greenhouse Accounts.,NgaFactors.csv,,,,,,seed,2026-09-03T22:17:25,2026-09-03T22:17:25,
F0231,NGA|NgaFactors|Grid electricity|NWIS|kg CO2-e/kWh,NGA,NgaFactors,NgaFactors,,Grid electricity,2024.0,2024,NWIS,kg CO2-e/kWh,,0.61,0.09,False,Published by the National Greenhouse Accounts.,NgaFactors.csv,,,,,,seed,2026-09-03T22:17:25,2026-09-03T22:17:25,
F0232,NGA|NgaFactors|Grid electricity|National|kg CO2-e/kWh,NGA,NgaFactors,NgaFactors,,Grid electricity,2024.0,2024,National,kg CO2-e/kWh,,0.63,0.07,False,Published by the National Greenhouse Accounts.,NgaFactors.csv,,,,,,seed,2026-09-03T22:17:25,2026-09-03T22:17:25,
F0233,NGA|NgaFactors|Grid electricity|QLD|kg CO2-e/kWh,NGA,NgaFactors,NgaFactors,,Grid electricity,2024.0,2024,QLD,kg CO2-e/kWh,,0.71,0.1,False,Published by the National Greenhouse Accounts.,NgaFactors.csv,,,,,,seed,2026-09-03T22:17:25,2026-09-03T22:17:25,
F0234,NGA|NgaFactors|Grid electricity|SA|kg CO2-e/kWh,NGA,NgaFactors,NgaFactors,,Grid electricity,2024.0,2024,SA,kg CO2-e/kWh,,0.23,0.05,False,Published by the National Greenhouse Accounts.,NgaFactors.csv,,,,,,seed,2026-09-03T22:17:25,2026-09-03T22:17:25,
F0235,NGA|NgaFactors|Grid electricity|TAS|kg CO2-e/kWh,NGA,NgaFactors,NgaFactors,,Grid electricity,2024.0,2024,TAS,kg CO2-e/kWh,,0.15,0.03,False,Published by the National Greenhouse Accounts.,NgaFactors.csv,,,,,,seed,2026-09-03T22:17:25,2026-09-03T22:17:25,
F0236,NGA|NgaFactors|Grid electricity|VIC|kg CO2-e/kWh,NGA,NgaFactors,NgaFactors,,Grid electricity,2024.0,2024,VIC,kg CO2-e/kWh,,0.77,0.09,False,Published by the National Greenhouse Accounts.,NgaFactors.csv,,,,,,seed,2026-09-03T22:17:25,2026-09-03T22:17:25,
F0237,NGA|NgaFactors|Grid electricity|NSW|kg CO2-e/kWh,NGA,NgaFactors,NgaFactors,,Grid electricity,2025.0,2025,NSW,kg CO2-e/kWh,,0.64,0.03,False,Published by the National Greenhouse Accounts.,NgaFactors.csv,,,,,,seed,2026-09-03T22:17:25,2026-09-03T22:17:25,
F0238,NGA|NgaFactors|Grid electricity|NWIS|kg CO2-e/kWh,NGA,NgaFactors,NgaFactors,,Grid electricity,2025.0,2025,NWIS,kg CO2-e/kWh,,0.56,0.09,False,Published by the National Greenhouse Accounts.,NgaFactors.csv,,,,,,seed,2026-09-03T22:17:25,2026-09-03T22:17:25,
F0239,NGA|NgaFactors|Grid electricity|National|kg CO2-e/kWh,NGA,NgaFactors,NgaFactors,,Grid electricity,2025.0,2025,National,kg CO2-e/kWh,,0.62,0.07,False,Published by the National Greenhouse Accounts.,NgaFactors.csv,,,,,,seed,2026-09-03T22:17:25,2026-09-03T22:17:25,
F0240,NGA|NgaFactors|Grid electricity|QLD|kg CO2-e/kWh,NGA,NgaFactors,NgaFactors,,Grid electricity,2025.0,2025,QLD,kg CO2-e/kWh,,0.67,0.09,False,Published by the National Greenhouse Accounts.,NgaFactors.csv,,,,,,seed,2026-09-03T22:17:25,2026-09-03T22:17:25,
F0241,NGA|NgaFactors|Grid electricity|SA|kg CO2-e/kWh,NGA,NgaFactors,NgaFactors,,Grid electricity,2025.0,2025,SA,kg CO2-e/kWh,,0.22,0.04,False,Published by the National Greenhouse Accounts.,NgaFactors.csv,,,,,,seed,2026-09-03T22:17:25,2026-09-03T22:17:25,
F0242,NGA|NgaFactors|Grid electricity|TAS|kg CO2-e/kWh,NGA,NgaFactors,NgaFactors,,Grid electricity,2025.0,2025,TAS,kg CO2-e/kWh,,0.2,0.03,False,Published by the National Greenhouse Accounts.,NgaFactors.csv,,,,,,seed,2026-09-03T22:17:25,2026-09-03T22:17:25,
F0243,NGA|NgaFactors|Grid electricity|VIC|kg CO2-e/kWh,NGA,NgaFactors,NgaFactors,,Grid electricity,2025.0,2025,VIC,kg CO2-e/kWh,,0.78,0.09,False,Published by the National Greenhouse Accounts.,NgaFactors.csv,,,,,,seed,2026-09-03T22:17:25,2026-09-03T22:17:25,
F0244,NGA|NgaFactors|Grid electricity|NSW|kg CO2-e/kWh,NGA,NgaFactors,NgaFactors,,Grid electricity,2026.0,2026,NSW,kg CO2-e/kWh,,0.6,0.07,False,Published by the National Greenhouse Accounts.,NgaFactors.csv,,,,,,seed,2026-09-03T22:17:25,2026-09-03T22:17:25,
F0245,NGA|NgaFactors|Grid electricity|NT|kg CO2-e/kWh,NGA,NgaFactors,NgaFactors,,Grid electricity,2026.0,2026,NT,kg CO2-e/kWh,,0.55,0.1,False,Published by the National Greenhouse Accounts.,NgaFactors.csv,,,,,,seed,2026-09-03T22:17:25,2026-09-03T22:17:25,
F0246,NGA|NgaFactors|Grid electricity|NWIS|kg CO2-e/kWh,NGA,NgaFactors,NgaFactors,,Grid electricity,2026.0,2026,NWIS,kg CO2-e/kWh,,0.56,0.09,False,Published by the National Greenhouse Accounts.,NgaFactors.csv,,,,,,seed,2026-09-03T22:17:25,2026-09-03T22:17:25,
F0247,NGA|NgaFactors|Grid electricity|National|kg CO2-e/kWh,NGA,NgaFactors,NgaFactors,,Grid electricity,2026.0,2026,National,kg CO2-e/kWh,,0.59,0.1,False,Published by the National Greenhouse Accounts.,NgaFactors.csv,,,,,,seed,2026-09-03T22:17:25,2026-09-03T22:17:25,
F0248,NGA|NgaFactors|Grid electricity|QLD|kg CO2-e/kWh,NGA,NgaFactors,NgaFactors,,Grid electricity,2026.0,2026,QLD,kg CO2-e/kWh,,0.65,0.11,False,Published by the National Greenhouse Accounts.,NgaFactors.csv,,,,,,seed,2026-09-03T22:17:25,2026-09-03T22:17:25,
F0249,NGA|NgaFactors|Grid electricity|SA|kg CO2-e/kWh,NGA,NgaFactors,NgaFactors,,Grid electricity,2026.0,2026,SA,kg CO2-e/kWh,,0.21,0.03,False,Published by the National Greenhouse Accounts.,NgaFactors.csv,,,,,,seed,2026-09-03T22:17:25,2026-09-03T22:17:25,
F0250,NGA|NgaFactors|Grid electricity|TAS|kg CO2-e/kWh,NGA,NgaFactors,NgaFactors,,Grid electricity,2026.0,2026,TAS,kg CO2-e/kWh,,0.23,0.03,False,Published by the National Greenhouse Accounts.,NgaFactors.csv,,,,,,seed,2026-09-03T22:17:25,2026-09-03T22:17:25,
F0251,NGA|NgaFactors|Grid electricity|VIC|kg CO2-e/kWh,NGA,NgaFactors,NgaFactors,,Grid electricity,2026.0,2026,VIC,kg CO2-e/kWh,,0.74,0.11,False,Published by the National Greenhouse Accounts.,NgaFactors.csv,,,,,,seed,2026-09-03T22:17:25,2026-09-03T22:17:25,
F0252,NGA|NgaFactors|Grid electricity|WA|kg CO2-e/kWh,NGA,NgaFactors,NgaFactors,,Grid electricity,2026.0,2026,WA,kg CO2-e/kWh,,0.45,0.1,False,Published by the National Greenhouse Accounts.,NgaFactors.csv,,,,,,seed,2026-09-03T22:17:25,2026-09-03T22:17:25,
F0253,NGA|NgaFactors|Heating oil|Australia|kg CO2-e/kL,NGA,NgaFactors,NgaFactors,,Heating oil,2022.0,2022,Australia,kg CO2-e/kL,2600.929,,671.4,False,Published by the National Greenhouse Accounts.,NgaFactors.csv,,,,,,seed,2026-09-03T22:17:25,2026-09-03T22:17:25,
F0254,NGA|NgaFactors|Heating oil|Australia|kg CO2-e/kL,NGA,NgaFactors,NgaFactors,,Heating oil,2023.0,2023,Australia,kg CO2-e/kL,2600.929,,671.4,False,Published by the National Greenhouse Accounts.,NgaFactors.csv,,,,,,seed,2026-09-03T22:17:25,2026-09-03T22:17:25,
F0255,NGA|NgaFactors|Heating oil|Australia|kg CO2-e/kL,NGA,NgaFactors,NgaFactors,,Heating oil,2024.0,2024,Australia,kg CO2-e/kL,2600.929,,671.4,False,Published by the National Greenhouse Accounts.,NgaFactors.csv,,,,,,seed,2026-09-03T22:17:25,2026-09-03T22:17:25,
F0256,NGA|NgaFactors|Heating oil|Australia|kg CO2-e/kL,NGA,NgaFactors,NgaFactors,,Heating oil,2025.0,2025,Australia,kg CO2-e/kL,2600.929,,671.4,False,Published by the National Greenhouse Accounts.,NgaFactors.csv,,,,,,seed,2026-09-03T22:17:25,2026-09-03T22:17:25,
F0257,NGA|NgaFactors|Heating oil|Australia|kg CO2-e/kL,NGA,NgaFactors,NgaFactors,,Heating oil,2026.0,2026,Australia,kg CO2-e/kL,2600.929,,671.4,False,Published by the National Greenhouse Accounts.,NgaFactors.csv,,,,,,seed,2026-09-03T22:17:25,2026-09-03T22:17:25,
F0258,NGA|NgaFactors|Hydrogen|Australia|kg CO2-e/m3,NGA,NgaFactors,NgaFactors,,Hydrogen,2025.0,2025,Australia,kg CO2-e/m3,0.00061,,,False,Published by the National Greenhouse Accounts.,NgaFactors.csv,,,,,,seed,2026-09-03T22:17:25,2026-09-03T22:17:25,
F0259,NGA|NgaFactors|Hydrogen|Australia|kg CO2-e/m3,NGA,NgaFactors,NgaFactors,,Hydrogen,2026.0,2026,Australia,kg CO2-e/m3,0.00061,,,False,Published by the National Greenhouse Accounts.,NgaFactors.csv,,,,,,seed,2026-09-03T22:17:25,2026-09-03T22:17:25,
F0260,"NGA|NgaFactors|Industrial materials that are derived from fossil fuels, if recycled and combusted to produce heat or electricity|Australia|kg CO2-e/t",NGA,NgaFactors,NgaFactors,,"Industrial materials that are derived from fossil fuels, if recycled and combusted to produce heat or electricity",2022.0,2022,Australia,kg CO2-e/t,2152.129,,,False,Published by the National Greenhouse Accounts.,NgaFactors.csv,,,,,,seed,2026-09-03T22:17:25,2026-09-03T22:17:25,
F0261,"NGA|NgaFactors|Industrial materials that are derived from fossil fuels, if recycled and combusted to produce heat or electricity|Australia|kg CO2-e/t",NGA,NgaFactors,NgaFactors,,"Industrial materials that are derived from fossil fuels, if recycled and combusted to produce heat or electricity",2023.0,2023,Australia,kg CO2-e/t,2152.129,,,False,Published by the National Greenhouse Accounts.,NgaFactors.csv,,,,,,seed,2026-09-03T22:17:25,2026-09-03T22:17:25,
F0262,"NGA|NgaFactors|Industrial materials that are derived from fossil fuels, if recycled and combusted to produce heat or electricity|Australia|kg CO2-e/t",NGA,NgaFactors,NgaFactors,,"Industrial materials that are derived from fossil fuels, if recycled and combusted to produce heat or electricity",2024.0,2024,Australia,kg CO2-e/t,2152.129,,,False,Published by the National Greenhouse Accounts.,NgaFactors.csv,,,,,,seed,2026-09-03T22:17:25,2026-09-03T22:17:25,
F0263,"NGA|NgaFactors|Industrial materials that are derived from fossil fuels, if recycled and combusted to produce heat or electricity|Australia|kg CO2-e/t",NGA,NgaFactors,NgaFactors,,"Industrial materials that are derived from fossil fuels, if recycled and combusted to produce heat or electricity",2025.0,2025,Australia,kg CO2-e/t,2152.129,,,False,Published by the National Greenhouse Accounts.,NgaFactors.csv,,,,,,seed,2026-09-03T22:17:25,2026-09-03T22:17:25,
F0264,"NGA|NgaFactors|Industrial materials that are derived from fossil fuels, if recycled and combusted to produce heat or electricity|Australia|kg CO2-e/t",NGA,NgaFactors,NgaFactors,,"Industrial materials that are derived from fossil fuels, if recycled and combusted to produce heat or electricity",2026.0,2026,Australia,kg CO2-e/t,2152.129,,,False,Published by the National Greenhouse Accounts.,NgaFactors.csv,,,,,,seed,2026-09-03T22:17:25,2026-09-03T22:17:25,
F0265,NGA|NgaFactors|Kerosene (other than for use as fuel in an aircraft)|Australia|kg CO2-e/kL,NGA,NgaFactors,NgaFactors,,Kerosene (other than for use as fuel in an aircraft),2022.0,2022,Australia,kg CO2-e/kL,2591.625,,675.0,False,Published by the National Greenhouse Accounts.,NgaFactors.csv,,,,,,seed,2026-09-03T22:17:25,2026-09-03T22:17:25,
F0266,NGA|NgaFactors|Kerosene (other than for use as fuel in an aircraft)|Australia|kg CO2-e/kL,NGA,NgaFactors,NgaFactors,,Kerosene (other than for use as fuel in an aircraft),2023.0,2023,Australia,kg CO2-e/kL,2591.625,,675.0,False,Published by the National Greenhouse Accounts.,NgaFactors.csv,,,,,,seed,2026-09-03T22:17:25,2026-09-03T22:17:25,
F0267,NGA|NgaFactors|Kerosene (other than for use as fuel in an aircraft)|Australia|kg CO2-e/kL,NGA,NgaFactors,NgaFactors,,Kerosene (other than for use as fuel in an aircraft),2024.0,2024,Australia,kg CO2-e/kL,2591.625,,675.0,False,Published by the National Greenhouse Accounts.,NgaFactors.csv,,,,,,seed,2026-09-03T22:17:25,2026-09-03T22:17:25,
F0268,NGA|NgaFactors|Kerosene (other than for use as fuel in an aircraft)|Australia|kg CO2-e/kL,NGA,NgaFactors,NgaFactors,,Kerosene (other than for use as fuel in an aircraft),2025.0,2025,Australia,kg CO2-e/kL,2591.625,,675.0,False,Published by the National Greenhouse Accounts.,NgaFactors.csv,,,,,,seed,2026-09-03T22:17:25,2026-09-03T22:17:25,
F0269,NGA|NgaFactors|Kerosene (other than for use as fuel in an aircraft)|Australia|kg CO2-e/kL,NGA,NgaFactors,NgaFactors,,Kerosene (other than for use as fuel in an aircraft),2026.0,2026,Australia,kg CO2-e/kL,2591.625,,675.0,False,Published by the National Greenhouse Accounts.,NgaFactors.csv,,,,,,seed,2026-09-03T22:17:25,2026-09-03T22:17:25,
F0270,NGA|NgaFactors|Kerosene for use as fuel in an aircraft-Aviation|Australia|kg CO2-e/kL,NGA,NgaFactors,NgaFactors,,Kerosene for use as fuel in an aircraft-Aviation,2022.0,2022,Australia,kg CO2-e/kL,2583.728,,662.4,False,Published by the National Greenhouse Accounts.,NgaFactors.csv,,,,,,seed,2026-09-03T22:17:25,2026-09-03T22:17:25,
F0271,NGA|NgaFactors|Kerosene for use as fuel in an aircraft-Aviation|Australia|kg CO2-e/kL,NGA,NgaFactors,NgaFactors,,Kerosene for use as fuel in an aircraft-Aviation,2023.0,2023,Australia,kg CO2-e/kL,2583.728,,662.4,False,Published by the National Greenhouse Accounts.,NgaFactors.csv,,,,,,seed,2026-09-03T22:17:25,2026-09-03T22:17:25,
F0272,NGA|NgaFactors|Kerosene for use as fuel in an aircraft-Aviation|Australia|kg CO2-e/kL,NGA,NgaFactors,NgaFactors,,Kerosene for use as fuel in an aircraft-Aviation,2024.0,2024,Australia,kg CO2-e/kL,2583.728,,662.4,False,Published by the National Greenhouse Accounts.,NgaFactors.csv,,,,,,seed,2026-09-03T22:17:25,2026-09-03T22:17:25,
F0273,NGA|NgaFactors|Kerosene for use as fuel in an aircraft-Aviation|Australia|kg CO2-e/kL,NGA,NgaFactors,NgaFactors,,Kerosene for use as fuel in an aircraft-Aviation,2025.0,2025,Australia,kg CO2-e/kL,2583.728,,662.4,False,Published by the National Greenhouse Accounts.,NgaFactors.csv,,,,,,seed,2026-09-03T22:17:25,2026-09-03T22:17:25,
F0274,NGA|NgaFactors|Kerosene for use as fuel in an aircraft-Aviation|Australia|kg CO2-e/kL,NGA,NgaFactors,NgaFactors,,Kerosene for use as fuel in an aircraft-Aviation,2026.0,2026,Australia,kg CO2-e/kL,2583.728,,662.4,False,Published by the National Greenhouse Accounts.,NgaFactors.csv,,,,,,seed,2026-09-03T22:17:25,2026-09-03T22:17:25,
F0275,NGA|NgaFactors|Landfill biogas that is captured for combustion (methane only)|Australia|kg CO2-e/m3,NGA,NgaFactors,NgaFactors,,Landfill biogas that is captured for combustion (methane only),2022.0,2022,Australia,kg CO2-e/m3,0.2424109999999999,,,False,Published by the National Greenhouse Accounts.,NgaFactors.csv,,,,,,seed,2026-09-03T22:17:25,2026-09-03T22:17:25,
F0276,NGA|NgaFactors|Landfill biogas that is captured for combustion (methane only)|Australia|kg CO2-e/m3,NGA,NgaFactors,NgaFactors,,Landfill biogas that is captured for combustion (methane only),2023.0,2023,Australia,kg CO2-e/m3,0.2424109999999999,,,False,Published by the National Greenhouse Accounts.,NgaFactors.csv,,,,,,seed,2026-09-03T22:17:25,2026-09-03T22:17:25,
F0277,NGA|NgaFactors|Landfill biogas that is captured for combustion (methane only)|Australia|kg CO2-e/m3,NGA,NgaFactors,NgaFactors,,Landfill biogas that is captured for combustion (methane only),2024.0,2024,Australia,kg CO2-e/m3,0.2424109999999999,,,False,Published by the National Greenhouse Accounts.,NgaFactors.csv,,,,,,seed,2026-09-03T22:17:25,2026-09-03T22:17:25,
F0278,NGA|NgaFactors|Landfill biogas that is captured for combustion (methane only)|Australia|kg CO2-e/m3,NGA,NgaFactors,NgaFactors,,Landfill biogas that is captured for combustion (methane only),2025.0,2025,Australia,kg CO2-e/m3,0.2424109999999999,,,False,Published by the National Greenhouse Accounts.,NgaFactors.csv,,,,,,seed,2026-09-03T22:17:25,2026-09-03T22:17:25,
F0279,NGA|NgaFactors|Landfill biogas that is captured for combustion (methane only)|Australia|kg CO2-e/m3,NGA,NgaFactors,NgaFactors,,Landfill biogas that is captured for combustion (methane only),2026.0,2026,Australia,kg CO2-e/m3,0.2424109999999999,,,False,Published by the National Greenhouse Accounts.,NgaFactors.csv,,,,,,seed,2026-09-03T22:17:25,2026-09-03T22:17:25,
F0280,NGA|NgaFactors|Liquefied aromatic hydrocarbons|Australia|kg CO2-e/kL,NGA,NgaFactors,NgaFactors,,Liquefied aromatic hydrocarbons,2022.0,2022,Australia,kg CO2-e/kL,2405.592,,619.1999999999999,False,Published by the National Greenhouse Accounts.,NgaFactors.csv,,,,,,seed,2026-09-03T22:17:25,2026-09-03T22:17:25,
F0281,NGA|NgaFactors|Liquefied aromatic hydrocarbons|Australia|kg CO2-e/kL,NGA,NgaFactors,NgaFactors,,Liquefied aromatic hydrocarbons,2023.0,2023,Australia,kg CO2-e/kL,2405.592,,619.1999999999999,False,Published by the National Greenhouse Accounts.,NgaFactors.csv,,,,,,seed,2026-09-03T22:17:25,2026-09-03T22:17:25,
F0282,NGA|NgaFactors|Liquefied aromatic hydrocarbons|Australia|kg CO2-e/kL,NGA,NgaFactors,NgaFactors,,Liquefied aromatic hydrocarbons,2024.0,2024,Australia,kg CO2-e/kL,2405.592,,619.1999999999999,False,Published by the National Greenhouse Accounts.,NgaFactors.csv,,,,,,seed,2026-09-03T22:17:25,2026-09-03T22:17:25,
F0283,NGA|NgaFactors|Liquefied aromatic hydrocarbons|Australia|kg CO2-e/kL,NGA,NgaFactors,NgaFactors,,Liquefied aromatic hydrocarbons,2025.0,2025,Australia,kg CO2-e/kL,2405.592,,619.1999999999999,False,Published by the National Greenhouse Accounts.,NgaFactors.csv,,,,,,seed,2026-09-03T22:17:25,2026-09-03T22:17:25,
F0284,NGA|NgaFactors|Liquefied aromatic hydrocarbons|Australia|kg CO2-e/kL,NGA,NgaFactors,NgaFactors,,Liquefied aromatic hydrocarbons,2026.0,2026,Australia,kg CO2-e/kL,2405.592,,619.1999999999999,False,Published by the National Greenhouse Accounts.,NgaFactors.csv,,,,,,seed,2026-09-03T22:17:25,2026-09-03T22:17:25,
F0285,NGA|NgaFactors|Liquefied natural gas|Australia|kg CO2-e/kL,NGA,NgaFactors,NgaFactors,,Liquefied natural gas,2022.0,2022,Australia,kg CO2-e/kL,1303.709,,,False,Published by the National Greenhouse Accounts.,NgaFactors.csv,,,,,,seed,2026-09-03T22:17:25,2026-09-03T22:17:25,
F0286,NGA|NgaFactors|Liquefied natural gas|Australia|kg CO2-e/kL,NGA,NgaFactors,NgaFactors,,Liquefied natural gas,2023.0,2023,Australia,kg CO2-e/kL,1303.709,,,False,Published by the National Greenhouse Accounts.,NgaFactors.csv,,,,,,seed,2026-09-03T22:17:25,2026-09-03T22:17:25,
F0287,NGA|NgaFactors|Liquefied natural gas|Australia|kg CO2-e/kL,NGA,NgaFactors,NgaFactors,,Liquefied natural gas,2024.0,2024,Australia,kg CO2-e/kL,1303.709,,,False,Published by the National Greenhouse Accounts.,NgaFactors.csv,,,,,,seed,2026-09-03T22:17:25,2026-09-03T22:17:25,
F0288,NGA|NgaFactors|Liquefied natural gas|Australia|kg CO2-e/kL,NGA,NgaFactors,NgaFactors,,Liquefied natural gas,2025.0,2025,Australia,kg CO2-e/kL,1303.709,,,False,Published by the National Greenhouse Accounts.,NgaFactors.csv,,,,,,seed,2026-09-03T22:17:25,2026-09-03T22:17:25,
F0289,NGA|NgaFactors|Liquefied natural gas|Australia|kg CO2-e/kL,NGA,NgaFactors,NgaFactors,,Liquefied natural gas,2026.0,2026,Australia,kg CO2-e/kL,1303.709,,,False,Published by the National Greenhouse Accounts.,NgaFactors.csv,,,,,,seed,2026-09-03T22:17:25,2026-09-03T22:17:25,
F0290,NGA|NgaFactors|Liquefied natural gas-Heavy duty vehicles|Australia|kg CO2-e/kL,NGA,NgaFactors,NgaFactors,,Liquefied natural gas-Heavy duty vehicles,2022.0,2022,Australia,kg CO2-e/kL,1378.85,,455.4,False,Published by the National Greenhouse Accounts.,NgaFactors.csv,,,,,,seed,2026-09-03T22:17:25,2026-09-03T22:17:25,
F0291,NGA|NgaFactors|Liquefied natural gas-Heavy duty vehicles|Australia|kg CO2-e/kL,NGA,NgaFactors,NgaFactors,,Liquefied natural gas-Heavy duty vehicles,2023.0,2023,Australia,kg CO2-e/kL,1378.85,,455.4,False,Published by the National Greenhouse Accounts.,NgaFactors.csv,,,,,,seed,2026-09-03T22:17:25,2026-09-03T22:17:25,
F0292,NGA|NgaFactors|Liquefied natural gas-Heavy duty vehicles|Australia|kg CO2-e/kL,NGA,NgaFactors,NgaFactors,,Liquefied natural gas-Heavy duty vehicles,2024.0,2024,Australia,kg CO2-e/kL,1378.85,,455.4,False,Published by the National Greenhouse Accounts.,NgaFactors.csv,,,,,,seed,2026-09-03T22:17:25,2026-09-03T22:17:25,
F0293,NGA|NgaFactors|Liquefied natural gas-Heavy duty vehicles|Australia|kg CO2-e/kL,NGA,NgaFactors,NgaFactors,,Liquefied natural gas-Heavy duty vehicles,2025.0,2025,Australia,kg CO2-e/kL,1378.85,,455.4,False,Published by the National Greenhouse Accounts.,NgaFactors.csv,,,,,,seed,2026-09-03T22:17:25,2026-09-03T22:17:25,
F0294,NGA|NgaFactors|Liquefied natural gas-Heavy duty vehicles|Australia|kg CO2-e/kL,NGA,NgaFactors,NgaFactors,,Liquefied natural gas-Heavy duty vehicles,2026.0,2026,Australia,kg CO2-e/kL,1378.85,,455.4,False,Published by the National Greenhouse Accounts.,NgaFactors.csv,,,,,,seed,2026-09-03T22:17:25,2026-09-03T22:17:25,
F0295,NGA|NgaFactors|Liquefied natural gas-Light duty vehicles|Australia|kg CO2-e/kL,NGA,NgaFactors,NgaFactors,,Liquefied natural gas-Light duty vehicles,2022.0,2022,Australia,kg CO2-e/kL,1492.7,,455.4,False,Published by the National Greenhouse Accounts.,NgaFactors.csv,,,,,,seed,2026-09-03T22:17:25,2026-09-03T22:17:25,
F0296,NGA|NgaFactors|Liquefied natural gas-Light duty vehicles|Australia|kg CO2-e/kL,NGA,NgaFactors,NgaFactors,,Liquefied natural gas-Light duty vehicles,2023.0,2023,Australia,kg CO2-e/kL,1492.7,,455.4,False,Published by the National Greenhouse Accounts.,NgaFactors.csv,,,,,,seed,2026-09-03T22:17:25,2026-09-03T22:17:25,
F0297,NGA|NgaFactors|Liquefied natural gas-Light duty vehicles|Australia|kg CO2-e/kL,NGA,NgaFactors,NgaFactors,,Liquefied natural gas-Light duty vehicles,2024.0,2024,Australia,kg CO2-e/kL,1492.7,,455.4,False,Published by the National Greenhouse Accounts.,NgaFactors.csv,,,,,,seed,2026-09-03T22:17:25,2026-09-03T22:17:25,
F0298,NGA|NgaFactors|Liquefied natural gas-Light duty vehicles|Australia|kg CO2-e/kL,NGA,NgaFactors,NgaFactors,,Liquefied natural gas-Light duty vehicles,2025.0,2025,Australia,kg CO2-e/kL,1492.7,,455.4,False,Published by the National Greenhouse Accounts.,NgaFactors.csv,,,,,,seed,2026-09-03T22:17:25,2026-09-03T22:17:25,
F0299,NGA|NgaFactors|Liquefied natural gas-Light duty vehicles|Australia|kg CO2-e/kL,NGA,NgaFactors,NgaFactors,,Liquefied natural gas-Light duty vehicles,2026.0,2026,Australia,kg CO2-e/kL,1492.7,,455.4,False,Published by the National Greenhouse Accounts.,NgaFactors.csv,,,,,,seed,2026-09-03T22:17:25,2026-09-03T22:17:25,
F0300,NGA|NgaFactors|Liquefied petroleum gas (LPG)|Australia|kg CO2-e/kL,NGA,NgaFactors,NgaFactors,,Liquefied petroleum gas (LPG),2022.0,2022,Australia,kg CO2-e/kL,1557.42,,519.14,False,Published by the National Greenhouse Accounts.,NgaFactors.csv,,,,,,seed,2026-09-03T22:17:25,2026-09-03T22:17:25,
F0301,NGA|NgaFactors|Liquefied petroleum gas (LPG)|Australia|kg CO2-e/kL,NGA,NgaFactors,NgaFactors,,Liquefied petroleum gas (LPG),2023.0,2023,Australia,kg CO2-e/kL,1557.42,,519.14,False,Published by the National Greenhouse Accounts.,NgaFactors.csv,,,,,,seed,2026-09-03T22:17:25,2026-09-03T22:17:25,
F0302,NGA|NgaFactors|Liquefied petroleum gas (LPG)|Australia|kg CO2-e/kL,NGA,NgaFactors,NgaFactors,,Liquefied petroleum gas (LPG),2024.0,2024,Australia,kg CO2-e/kL,1557.42,,519.14,False,Published by the National Greenhouse Accounts.,NgaFactors.csv,,,,,,seed,2026-09-03T22:17:25,2026-09-03T22:17:25,
F0303,NGA|NgaFactors|Liquefied petroleum gas (LPG)|Australia|kg CO2-e/kL,NGA,NgaFactors,NgaFactors,,Liquefied petroleum gas (LPG),2025.0,2025,Australia,kg CO2-e/kL,1557.42,,519.14,False,Published by the National Greenhouse Accounts.,NgaFactors.csv,,,,,,seed,2026-09-03T22:17:25,2026-09-03T22:17:25,
F0304,NGA|NgaFactors|Liquefied petroleum gas (LPG)|Australia|kg CO2-e/kL,NGA,NgaFactors,NgaFactors,,Liquefied petroleum gas (LPG),2026.0,2026,Australia,kg CO2-e/kL,1557.42,,519.14,False,Published by the National Greenhouse Accounts.,NgaFactors.csv,,,,,,seed,2026-09-03T22:17:25,2026-09-03T22:17:25,
F0305,NGA|NgaFactors|Liquefied petroleum gas (LPG)-Cars and light commercial vehicles|Australia|kg CO2-e/kL,NGA,NgaFactors,NgaFactors,,Liquefied petroleum gas (LPG)-Cars and light commercial vehicles,2022.0,2022,Australia,kg CO2-e/kL,1598.2,,529.24,False,Published by the National Greenhouse Accounts.,NgaFactors.csv,,,,,,seed,2026-09-03T22:17:25,2026-09-03T22:17:25,
F0306,NGA|NgaFactors|Liquefied petroleum gas (LPG)-Cars and light commercial vehicles|Australia|kg CO2-e/kL,NGA,NgaFactors,NgaFactors,,Liquefied petroleum gas (LPG)-Cars and light commercial vehicles,2023.0,2023,Australia,kg CO2-e/kL,1598.2,,529.24,False,Published by the National Greenhouse Accounts.,NgaFactors.csv,,,,,,seed,2026-09-03T22:17:25,2026-09-03T22:17:25,
F0307,NGA|NgaFactors|Liquefied petroleum gas (LPG)-Cars and light commercial vehicles|Australia|kg CO2-e/kL,NGA,NgaFactors,NgaFactors,,Liquefied petroleum gas (LPG)-Cars and light commercial vehicles,2024.0,2024,Australia,kg CO2-e/kL,1598.2,,529.24,False,Published by the National Greenhouse Accounts.,NgaFactors.csv,,,,,,seed,2026-09-03T22:17:25,2026-09-03T22:17:25,
F0308,NGA|NgaFactors|Liquefied petroleum gas (LPG)-Cars and light commercial vehicles|Australia|kg CO2-e/kL,NGA,NgaFactors,NgaFactors,,Liquefied petroleum gas (LPG)-Cars and light commercial vehicles,2025.0,2025,Australia,kg CO2-e/kL,1598.2,,529.24,False,Published by the National Greenhouse Accounts.,NgaFactors.csv,,,,,,seed,2026-09-03T22:17:25,2026-09-03T22:17:25,
F0309,NGA|NgaFactors|Liquefied petroleum gas (LPG)-Cars and light commercial vehicles|Australia|kg CO2-e/kL,NGA,NgaFactors,NgaFactors,,Liquefied petroleum gas (LPG)-Cars and light commercial vehicles,2026.0,2026,Australia,kg CO2-e/kL,1598.2,,529.24,False,Published by the National Greenhouse Accounts.,NgaFactors.csv,,,,,,seed,2026-09-03T22:17:25,2026-09-03T22:17:25,
F0310,NGA|NgaFactors|Naphtha|Australia|kg CO2-e/kL,NGA,NgaFactors,NgaFactors,,Naphtha,2022.0,2022,Australia,kg CO2-e/kL,2192.3479999999995,,565.1999999999999,False,Published by the National Greenhouse Accounts.,NgaFactors.csv,,,,,,seed,2026-09-03T22:17:25,2026-09-03T22:17:25,
F0311,NGA|NgaFactors|Naphtha|Australia|kg CO2-e/kL,NGA,NgaFactors,NgaFactors,,Naphtha,2023.0,2023,Australia,kg CO2-e/kL,2192.3479999999995,,565.1999999999999,False,Published by the National Greenhouse Accounts.,NgaFactors.csv,,,,,,seed,2026-09-03T22:17:25,2026-09-03T22:17:25,
F0312,NGA|NgaFactors|Naphtha|Australia|kg CO2-e/kL,NGA,NgaFactors,NgaFactors,,Naphtha,2024.0,2024,Australia,kg CO2-e/kL,2192.3479999999995,,565.1999999999999,False,Published by the National Greenhouse Accounts.,NgaFactors.csv,,,,,,seed,2026-09-03T22:17:25,2026-09-03T22:17:25,
F0313,NGA|NgaFactors|Naphtha|Australia|kg CO2-e/kL,NGA,NgaFactors,NgaFactors,,Naphtha,2025.0,2025,Australia,kg CO2-e/kL,2192.3479999999995,,565.1999999999999,False,Published by the National Greenhouse Accounts.,NgaFactors.csv,,,,,,seed,2026-09-03T22:17:25,2026-09-03T22:17:25,
F0314,NGA|NgaFactors|Naphtha|Australia|kg CO2-e/kL,NGA,NgaFactors,NgaFactors,,Naphtha,2026.0,2026,Australia,kg CO2-e/kL,2192.3479999999995,,565.1999999999999,False,Published by the National Greenhouse Accounts.,NgaFactors.csv,,,,,,seed,2026-09-03T22:17:25,2026-09-03T22:17:25,
F0315,NGA|NgaFactors|Natural Gas-Metro -New South Wales and ACT|Australia|kg CO2-e/m3,NGA,NgaFactors,NgaFactors,,Natural Gas-Metro -New South Wales and ACT,2022.0,2022,Australia,kg CO2-e/m3,,,0.51483,False,Published by the National Greenhouse Accounts.,NgaFactors.csv,,,,,,seed,2026-09-03T22:17:25,2026-09-03T22:17:25,
F0316,NGA|NgaFactors|Natural Gas-Metro -New South Wales and ACT|Australia|kg CO2-e/m3,NGA,NgaFactors,NgaFactors,,Natural Gas-Metro -New South Wales and ACT,2023.0,2023,Australia,kg CO2-e/m3,,,0.51483,False,Published by the National Greenhouse Accounts.,NgaFactors.csv,,,,,,seed,2026-09-03T22:17:25,2026-09-03T22:17:25,
F0317,NGA|NgaFactors|Natural Gas-Metro -New South Wales and ACT|Australia|kg CO2-e/m3,NGA,NgaFactors,NgaFactors,,Natural Gas-Metro -New South Wales and ACT,2024.0,2024,Australia,kg CO2-e/m3,,,0.51483,False,Published by the National Greenhouse Accounts.,NgaFactors.csv,,,,,,seed,2026-09-03T22:17:25,2026-09-03T22:17:25,
F0318,NGA|NgaFactors|Natural Gas-Metro -New South Wales and ACT|Australia|kg CO2-e/m3,NGA,NgaFactors,NgaFactors,,Natural Gas-Metro -New South Wales and ACT,2025.0,2025,Australia,kg CO2-e/m3,,,0.51483,False,Published by the National Greenhouse Accounts.,NgaFactors.csv,,,,,,seed,2026-09-03T22:17:25,2026-09-03T22:17:25,
F0319,NGA|NgaFactors|Natural Gas-Metro -New South Wales and ACT|Australia|kg CO2-e/m3,NGA,NgaFactors,NgaFactors,,Natural Gas-Metro -New South Wales and ACT,2026.0,2026,Australia,kg CO2-e/m3,,,0.51483,False,Published by the National Greenhouse Accounts.,NgaFactors.csv,,,,,,seed,2026-09-03T22:17:25,2026-09-03T22:17:25,
F0320,NGA|NgaFactors|Natural Gas-Metro -Queensland|Australia|kg CO2-e/m3,NGA,NgaFactors,NgaFactors,,Natural Gas-Metro -Queensland,2022.0,2022,Australia,kg CO2-e/m3,,,0.34584,False,Published by the National Greenhouse Accounts.,NgaFactors.csv,,,,,,seed,2026-09-03T22:17:25,2026-09-03T22:17:25,
F0321,NGA|NgaFactors|Natural Gas-Metro -Queensland|Australia|kg CO2-e/m3,NGA,NgaFactors,NgaFactors,,Natural Gas-Metro -Queensland,2023.0,2023,Australia,kg CO2-e/m3,,,0.34584,False,Published by the National Greenhouse Accounts.,NgaFactors.csv,,,,,,seed,2026-09-03T22:17:25,2026-09-03T22:17:25,
F0322,NGA|NgaFactors|Natural Gas-Metro -Queensland|Australia|kg CO2-e/m3,NGA,NgaFactors,NgaFactors,,Natural Gas-Metro -Queensland,2024.0,2024,Australia,kg CO2-e/m3,,,0.34584,False,Published by the National Greenhouse Accounts.,NgaFactors.csv,,,,,,seed,2026-09-03T22:17:25,2026-09-03T22:17:25,
F0323,NGA|NgaFactors|Natural Gas-Metro -Queensland|Australia|kg CO2-e/m3,NGA,NgaFactors,NgaFactors,,Natural Gas-Metro -Queensland,2025.0,2025,Australia,kg CO2-e/m3,,,0.34584,False,Published by the National Greenhouse Accounts.,NgaFactors.csv,,,,,,seed,2026-09-03T22:17:25,2026-09-03T22:17:25,
F0324,NGA|NgaFactors|Natural Gas-Metro -Queensland|Australia|kg CO2-e/m3,NGA,NgaFactors,NgaFactors,,Natural Gas-Metro -Queensland,2026.0,2026,Australia,kg CO2-e/m3,,,0.34584,False,Published by the National Greenhouse Accounts.,NgaFactors.csv,,,,,,seed,2026-09-03T22:17:25,2026-09-03T22:17:25,
F0325,NGA|NgaFactors|Natural Gas-Metro -South Australia|Australia|kg CO2-e/m3,NGA,NgaFactors,NgaFactors,,Natural Gas-Metro -South Australia,2022.0,2022,Australia,kg CO2-e/m3,,,0.42051,False,Published by the National Greenhouse Accounts.,NgaFactors.csv,,,,,,seed,2026-09-03T22:17:25,2026-09-03T22:17:25,
F0326,NGA|NgaFactors|Natural Gas-Metro -South Australia|Australia|kg CO2-e/m3,NGA,NgaFactors,NgaFactors,,Natural Gas-Metro -South Australia,2023.0,2023,Australia,kg CO2-e/m3,,,0.42051,False,Published by the National Greenhouse Accounts.,NgaFactors.csv,,,,,,seed,2026-09-03T22:17:25,2026-09-03T22:17:25,
F0327,NGA|NgaFactors|Natural Gas-Metro -South Australia|Australia|kg CO2-e/m3,NGA,NgaFactors,NgaFactors,,Natural Gas-Metro -South Australia,2024.0,2024,Australia,kg CO2-e/m3,,,0.42051,False,Published by the National Greenhouse Accounts.,NgaFactors.csv,,,,,,seed,2026-09-03T22:17:25,2026-09-03T22:17:25,
F0328,NGA|NgaFactors|Natural Gas-Metro -South Australia|Australia|kg CO2-e/m3,NGA,NgaFactors,NgaFactors,,Natural Gas-Metro -South Australia,2025.0,2025,Australia,kg CO2-e/m3,,,0.42051,False,Published by the National Greenhouse Accounts.,NgaFactors.csv,,,,,,seed,2026-09-03T22:17:25,2026-09-03T22:17:25,
F0329,NGA|NgaFactors|Natural Gas-Metro -South Australia|Australia|kg CO2-e/m3,NGA,NgaFactors,NgaFactors,,Natural Gas-Metro -South Australia,2026.0,2026,Australia,kg CO2-e/m3,,,0.42051,False,Published by the National Greenhouse Accounts.,NgaFactors.csv,,,,,,seed,2026-09-03T22:17:25,2026-09-03T22:17:25,
F0330,NGA|NgaFactors|Natural Gas-Metro -Victoria|Australia|kg CO2-e/m3,NGA,NgaFactors,NgaFactors,,Natural Gas-Metro -Victoria,2022.0,2022,Australia,kg CO2-e/m3,,,0.1572,False,Published by the National Greenhouse Accounts.,NgaFactors.csv,,,,,,seed,2026-09-03T22:17:25,2026-09-03T22:17:25,
F0331,NGA|NgaFactors|Natural Gas-Metro -Victoria|Australia|kg CO2-e/m3,NGA,NgaFactors,NgaFactors,,Natural Gas-Metro -Victoria,2023.0,2023,Australia,kg CO2-e/m3,,,0.1572,False,Published by the National Greenhouse Accounts.,NgaFactors.csv,,,,,,seed,2026-09-03T22:17:25,2026-09-03T22:17:25,
F0332,NGA|NgaFactors|Natural Gas-Metro -Victoria|Australia|kg CO2-e/m3,NGA,NgaFactors,NgaFactors,,Natural Gas-Metro -Victoria,2024.0,2024,Australia,kg CO2-e/m3,,,0.1572,False,Published by the National Greenhouse Accounts.,NgaFactors.csv,,,,,,seed,2026-09-03T22:17:25,2026-09-03T22:17:25,
F0333,NGA|NgaFactors|Natural Gas-Metro -Victoria|Australia|kg CO2-e/m3,NGA,NgaFactors,NgaFactors,,Natural Gas-Metro -Victoria,2025.0,2025,Australia,kg CO2-e/m3,,,0.1572,False,Published by the National Greenhouse Accounts.,NgaFactors.csv,,,,,,seed,2026-09-03T22:17:25,2026-09-03T22:17:25,
F0334,NGA|NgaFactors|Natural Gas-Metro -Victoria|Australia|kg CO2-e/m3,NGA,NgaFactors,NgaFactors,,Natural Gas-Metro -Victoria,2026.0,2026,Australia,kg CO2-e/m3,,,0.1572,False,Published by the National Greenhouse Accounts.,NgaFactors.csv,,,,,,seed,2026-09-03T22:17:25,2026-09-03T22:17:25,
F0335,NGA|NgaFactors|Natural Gas-Metro -Western Australia|Australia|kg CO2-e/m3,NGA,NgaFactors,NgaFactors,,Natural Gas-Metro -Western Australia,2022.0,2022,Australia,kg CO2-e/m3,,,0.16113,False,Published by the National Greenhouse Accounts.,NgaFactors.csv,,,,,,seed,2026-09-03T22:17:25,2026-09-03T22:17:25,
F0336,NGA|NgaFactors|Natural Gas-Metro -Western Australia|Australia|kg CO2-e/m3,NGA,NgaFactors,NgaFactors,,Natural Gas-Metro -Western Australia,2023.0,2023,Australia,kg CO2-e/m3,,,0.16113,False,Published by the National Greenhouse Accounts.,NgaFactors.csv,,,,,,seed,2026-09-03T22:17:25,2026-09-03T22:17:25,
F0337,NGA|NgaFactors|Natural Gas-Metro -Western Australia|Australia|kg CO2-e/m3,NGA,NgaFactors,NgaFactors,,Natural Gas-Metro -Western Australia,2024.0,2024,Australia,kg CO2-e/m3,,,0.16113,False,Published by the National Greenhouse Accounts.,NgaFactors.csv,,,,,,seed,2026-09-03T22:17:25,2026-09-03T22:17:25,
F0338,NGA|NgaFactors|Natural Gas-Metro -Western Australia|Australia|kg CO2-e/m3,NGA,NgaFactors,NgaFactors,,Natural Gas-Metro -Western Australia,2025.0,2025,Australia,kg CO2-e/m3,,,0.16113,False,Published by the National Greenhouse Accounts.,NgaFactors.csv,,,,,,seed,2026-09-03T22:17:25,2026-09-03T22:17:25,
F0339,NGA|NgaFactors|Natural Gas-Metro -Western Australia|Australia|kg CO2-e/m3,NGA,NgaFactors,NgaFactors,,Natural Gas-Metro -Western Australia,2026.0,2026,Australia,kg CO2-e/m3,,,0.16113,False,Published by the National Greenhouse Accounts.,NgaFactors.csv,,,,,,seed,2026-09-03T22:17:25,2026-09-03T22:17:25,
F0340,NGA|NgaFactors|Natural Gas-Non-metro-New South Wales and ACT|Australia|kg CO2-e/m3,NGA,NgaFactors,NgaFactors,,Natural Gas-Non-metro-New South Wales and ACT,2022.0,2022,Australia,kg CO2-e/m3,,,0.5502,False,Published by the National Greenhouse Accounts.,NgaFactors.csv,,,,,,seed,2026-09-03T22:17:25,2026-09-03T22:17:25,
F0341,NGA|NgaFactors|Natural Gas-Non-metro-New South Wales and ACT|Australia|kg CO2-e/m3,NGA,NgaFactors,NgaFactors,,Natural Gas-Non-metro-New South Wales and ACT,2023.0,2023,Australia,kg CO2-e/m3,,,0.5502,False,Published by the National Greenhouse Accounts.,NgaFactors.csv,,,,,,seed,2026-09-03T22:17:25,2026-09-03T22:17:25,
F0342,NGA|NgaFactors|Natural Gas-Non-metro-New South Wales and ACT|Australia|kg CO2-e/m3,NGA,NgaFactors,NgaFactors,,Natural Gas-Non-metro-New South Wales and ACT,2024.0,2024,Australia,kg CO2-e/m3,,,0.5502,False,Published by the National Greenhouse Accounts.,NgaFactors.csv,,,,,,seed,2026-09-03T22:17:25,2026-09-03T22:17:25,
F0343,NGA|NgaFactors|Natural Gas-Non-metro-New South Wales and ACT|Australia|kg CO2-e/m3,NGA,NgaFactors,NgaFactors,,Natural Gas-Non-metro-New South Wales and ACT,2025.0,2025,Australia,kg CO2-e/m3,,,0.5502,False,Published by the National Greenhouse Accounts.,NgaFactors.csv,,,,,,seed,2026-09-03T22:17:25,2026-09-03T22:17:25,
F0344,NGA|NgaFactors|Natural Gas-Non-metro-New South Wales and ACT|Australia|kg CO2-e/m3,NGA,NgaFactors,NgaFactors,,Natural Gas-Non-metro-New South Wales and ACT,2026.0,2026,Australia,kg CO2-e/m3,,,0.5502,False,Published by the National Greenhouse Accounts.,NgaFactors.csv,,,,,,seed,2026-09-03T22:17:25,2026-09-03T22:17:25,
F0345,NGA|NgaFactors|Natural Gas-Non-metro-Queensland|Australia|kg CO2-e/m3,NGA,NgaFactors,NgaFactors,,Natural Gas-Non-metro-Queensland,2022.0,2022,Australia,kg CO2-e/m3,,,0.31047,False,Published by the National Greenhouse Accounts.,NgaFactors.csv,,,,,,seed,2026-09-03T22:17:25,2026-09-03T22:17:25,
F0346,NGA|NgaFactors|Natural Gas-Non-metro-Queensland|Australia|kg CO2-e/m3,NGA,NgaFactors,NgaFactors,,Natural Gas-Non-metro-Queensland,2023.0,2023,Australia,kg CO2-e/m3,,,0.31047,False,Published by the National Greenhouse Accounts.,NgaFactors.csv,,,,,,seed,2026-09-03T22:17:25,2026-09-03T22:17:25,
F0347,NGA|NgaFactors|Natural Gas-Non-metro-Queensland|Australia|kg CO2-e/m3,NGA,NgaFactors,NgaFactors,,Natural Gas-Non-metro-Queensland,2024.0,2024,Australia,kg CO2-e/m3,,,0.31047,False,Published by the National Greenhouse Accounts.,NgaFactors.csv,,,,,,seed,2026-09-03T22:17:25,2026-09-03T22:17:25,
F0348,NGA|NgaFactors|Natural Gas-Non-metro-Queensland|Australia|kg CO2-e/m3,NGA,NgaFactors,NgaFactors,,Natural Gas-Non-metro-Queensland,2025.0,2025,Australia,kg CO2-e/m3,,,0.31047,False,Published by the National Greenhouse Accounts.,NgaFactors.csv,,,,,,seed,2026-09-03T22:17:25,2026-09-03T22:17:25,
F0349,NGA|NgaFactors|Natural Gas-Non-metro-Queensland|Australia|kg CO2-e/m3,NGA,NgaFactors,NgaFactors,,Natural Gas-Non-metro-Queensland,2026.0,2026,Australia,kg CO2-e/m3,,,0.31047,False,Published by the National Greenhouse Accounts.,NgaFactors.csv,,,,,,seed,2026-09-03T22:17:25,2026-09-03T22:17:25,
F0350,NGA|NgaFactors|Natural Gas-Non-metro-South Australia|Australia|kg CO2-e/m3,NGA,NgaFactors,NgaFactors,,Natural Gas-Non-metro-South Australia,2022.0,2022,Australia,kg CO2-e/m3,,,0.41658,False,Published by the National Greenhouse Accounts.,NgaFactors.csv,,,,,,seed,2026-09-03T22:17:25,2026-09-03T22:17:25,
F0351,NGA|NgaFactors|Natural Gas-Non-metro-South Australia|Australia|kg CO2-e/m3,NGA,NgaFactors,NgaFactors,,Natural Gas-Non-metro-South Australia,2023.0,2023,Australia,kg CO2-e/m3,,,0.41658,False,Published by the National Greenhouse Accounts.,NgaFactors.csv,,,,,,seed,2026-09-03T22:17:25,2026-09-03T22:17:25,
F0352,NGA|NgaFactors|Natural Gas-Non-metro-South Australia|Australia|kg CO2-e/m3,NGA,NgaFactors,NgaFactors,,Natural Gas-Non-metro-South Australia,2024.0,2024,Australia,kg CO2-e/m3,,,0.41658,False,Published by the National Greenhouse Accounts.,NgaFactors.csv,,,,,,seed,2026-09-03T22:17:25,2026-09-03T22:17:25,
F0353,NGA|NgaFactors|Natural Gas-Non-metro-South Australia|Australia|kg CO2-e/m3,NGA,NgaFactors,NgaFactors,,Natural Gas-Non-metro-South Australia,2025.0,2025,Australia,kg CO2-e/m3,,,0.41658,False,Published by the National Greenhouse Accounts.,NgaFactors.csv,,,,,,seed,2026-09-03T22:17:25,2026-09-03T22:17:25,
F0354,NGA|NgaFactors|Natural Gas-Non-metro-South Australia|Australia|kg CO2-e/m3,NGA,NgaFactors,NgaFactors,,Natural Gas-Non-metro-South Australia,2026.0,2026,Australia,kg CO2-e/m3,,,0.41658,False,Published by the National Greenhouse Accounts.,NgaFactors.csv,,,,,,seed,2026-09-03T22:17:25,2026-09-03T22:17:25,
F0355,NGA|NgaFactors|Natural Gas-Non-metro-Victoria|Australia|kg CO2-e/m3,NGA,NgaFactors,NgaFactors,,Natural Gas-Non-metro-Victoria,2022.0,2022,Australia,kg CO2-e/m3,,,0.1572,False,Published by the National Greenhouse Accounts.,NgaFactors.csv,,,,,,seed,2026-09-03T22:17:25,2026-09-03T22:17:25,
F0356,NGA|NgaFactors|Natural Gas-Non-metro-Victoria|Australia|kg CO2-e/m3,NGA,NgaFactors,NgaFactors,,Natural Gas-Non-metro-Victoria,2023.0,2023,Australia,kg CO2-e/m3,,,0.1572,False,Published by the National Greenhouse Accounts.,NgaFactors.csv,,,,,,seed,2026-09-03T22:17:25,2026-09-03T22:17:25,
F0357,NGA|NgaFactors|Natural Gas-Non-metro-Victoria|Australia|kg CO2-e/m3,NGA,NgaFactors,NgaFactors,,Natural Gas-Non-metro-Victoria,2024.0,2024,Australia,kg CO2-e/m3,,,0.1572,False,Published by the National Greenhouse Accounts.,NgaFactors.csv,,,,,,seed,2026-09-03T22:17:25,2026-09-03T22:17:25,
F0358,NGA|NgaFactors|Natural Gas-Non-metro-Victoria|Australia|kg CO2-e/m3,NGA,NgaFactors,NgaFactors,,Natural Gas-Non-metro-Victoria,2025.0,2025,Australia,kg CO2-e/m3,,,0.1572,False,Published by the National Greenhouse Accounts.,NgaFactors.csv,,,,,,seed,2026-09-03T22:17:25,2026-09-03T22:17:25,
F0359,NGA|NgaFactors|Natural Gas-Non-metro-Victoria|Australia|kg CO2-e/m3,NGA,NgaFactors,NgaFactors,,Natural Gas-Non-metro-Victoria,2026.0,2026,Australia,kg CO2-e/m3,,,0.1572,False,Published by the National Greenhouse Accounts.,NgaFactors.csv,,,,,,seed,2026-09-03T22:17:25,2026-09-03T22:17:25,
F0360,NGA|NgaFactors|Natural Gas-Non-metro-Western Australia|Australia|kg CO2-e/m3,NGA,NgaFactors,NgaFactors,,Natural Gas-Non-metro-Western Australia,2022.0,2022,Australia,kg CO2-e/m3,,,0.1572,False,Published by the National Greenhouse Accounts.,NgaFactors.csv,,,,,,seed,2026-09-03T22:17:25,2026-09-03T22:17:25,
F0361,NGA|NgaFactors|Natural Gas-Non-metro-Western Australia|Australia|kg CO2-e/m3,NGA,NgaFactors,NgaFactors,,Natural Gas-Non-metro-Western Australia,2023.0,2023,Australia,kg CO2-e/m3,,,0.1572,False,Published by the National Greenhouse Accounts.,NgaFactors.csv,,,,,,seed,2026-09-03T22:17:25,2026-09-03T22:17:25,
F0362,NGA|NgaFactors|Natural Gas-Non-metro-Western Australia|Australia|kg CO2-e/m3,NGA,NgaFactors,NgaFactors,,Natural Gas-Non-metro-Western Australia,2024.0,2024,Australia,kg CO2-e/m3,,,0.1572,False,Published by the National Greenhouse Accounts.,NgaFactors.csv,,,,,,seed,2026-09-03T22:17:25,2026-09-03T22:17:25,
F0363,NGA|NgaFactors|Natural Gas-Non-metro-Western Australia|Australia|kg CO2-e/m3,NGA,NgaFactors,NgaFactors,,Natural Gas-Non-metro-Western Australia,2025.0,2025,Australia,kg CO2-e/m3,,,0.1572,False,Published by the National Greenhouse Accounts.,NgaFactors.csv,,,,,,seed,2026-09-03T22:17:25,2026-09-03T22:17:25,
F0364,NGA|NgaFactors|Natural Gas-Non-metro-Western Australia|Australia|kg CO2-e/m3,NGA,NgaFactors,NgaFactors,,Natural Gas-Non-metro-Western Australia,2026.0,2026,Australia,kg CO2-e/m3,,,0.1572,False,Published by the National Greenhouse Accounts.,NgaFactors.csv,,,,,,seed,2026-09-03T22:17:25,2026-09-03T22:17:25,
F0365,NGA|NgaFactors|Natural gas distributed in a pipeline|Australia|kg CO2-e/m3,NGA,NgaFactors,NgaFactors,,Natural gas distributed in a pipeline,2022.0,2022,Australia,kg CO2-e/m3,2.025129,,,False,Published by the National Greenhouse Accounts.,NgaFactors.csv,,,,,,seed,2026-09-03T22:17:25,2026-09-03T22:17:25,
F0366,NGA|NgaFactors|Natural gas distributed in a pipeline|Australia|kg CO2-e/m3,NGA,NgaFactors,NgaFactors,,Natural gas distributed in a pipeline,2023.0,2023,Australia,kg CO2-e/m3,2.025129,,,False,Published by the National Greenhouse Accounts.,NgaFactors.csv,,,,,,seed,2026-09-03T22:17:25,2026-09-03T22:17:25,
F0367,NGA|NgaFactors|Natural gas distributed in a pipeline|Australia|kg CO2-e/m3,NGA,NgaFactors,NgaFactors,,Natural gas distributed in a pipeline,2024.0,2024,Australia,kg CO2-e/m3,2.025129,,,False,Published by the National Greenhouse Accounts.,NgaFactors.csv,,,,,,seed,2026-09-03T22:17:25,2026-09-03T22:17:25,
F0368,NGA|NgaFactors|Natural gas distributed in a pipeline|Australia|kg CO2-e/m3,NGA,NgaFactors,NgaFactors,,Natural gas distributed in a pipeline,2025.0,2025,Australia,kg CO2-e/m3,2.025129,,,False,Published by the National Greenhouse Accounts.,NgaFactors.csv,,,,,,seed,2026-09-03T22:17:25,2026-09-03T22:17:25,
F0369,NGA|NgaFactors|Natural gas distributed in a pipeline|Australia|kg CO2-e/m3,NGA,NgaFactors,NgaFactors,,Natural gas distributed in a pipeline,2026.0,2026,Australia,kg CO2-e/m3,2.025129,,,False,Published by the National Greenhouse Accounts.,NgaFactors.csv,,,,,,seed,2026-09-03T22:17:25,2026-09-03T22:17:25,
F0370,"NGA|NgaFactors|Non‑biomass municipal materials, if combusted to produce heat or electricity|Australia|kg CO2-e/t",NGA,NgaFactors,NgaFactors,,"Non‑biomass municipal materials, if combusted to produce heat or electricity",2022.0,2022,Australia,kg CO2-e/t,933.45,,,False,Published by the National Greenhouse Accounts.,NgaFactors.csv,,,,,,seed,2026-09-03T22:17:25,2026-09-03T22:17:25,
F0371,"NGA|NgaFactors|Non‑biomass municipal materials, if combusted to produce heat or electricity|Australia|kg CO2-e/t",NGA,NgaFactors,NgaFactors,,"Non‑biomass municipal materials, if combusted to produce heat or electricity",2023.0,2023,Australia,kg CO2-e/t,933.45,,,False,Published by the National Greenhouse Accounts.,NgaFactors.csv,,,,,,seed,2026-09-03T22:17:25,2026-09-03T22:17:25,
F0372,"NGA|NgaFactors|Non‑biomass municipal materials, if combusted to produce heat or electricity|Australia|kg CO2-e/t",NGA,NgaFactors,NgaFactors,,"Non‑biomass municipal materials, if combusted to produce heat or electricity",2024.0,2024,Australia,kg CO2-e/t,933.45,,,False,Published by the National Greenhouse Accounts.,NgaFactors.csv,,,,,,seed,2026-09-03T22:17:25,2026-09-03T22:17:25,
F0373,"NGA|NgaFactors|Non‑biomass municipal materials, if combusted to produce heat or electricity|Australia|kg CO2-e/t",NGA,NgaFactors,NgaFactors,,"Non‑biomass municipal materials, if combusted to produce heat or electricity",2025.0,2025,Australia,kg CO2-e/t,933.45,,,False,Published by the National Greenhouse Accounts.,NgaFactors.csv,,,,,,seed,2026-09-03T22:17:25,2026-09-03T22:17:25,
F0374,"NGA|NgaFactors|Non‑biomass municipal materials, if combusted to produce heat or electricity|Australia|kg CO2-e/t",NGA,NgaFactors,NgaFactors,,"Non‑biomass municipal materials, if combusted to produce heat or electricity",2026.0,2026,Australia,kg CO2-e/t,933.45,,,False,Published by the National Greenhouse Accounts.,NgaFactors.csv,,,,,,seed,2026-09-03T22:17:25,2026-09-03T22:17:25,
F0375,NGA|NgaFactors|Other biofuels-Cars and light commercial vehicles|Australia|kg CO2-e/kL,NGA,NgaFactors,NgaFactors,,Other biofuels-Cars and light commercial vehicles,2022.0,2022,Australia,kg CO2-e/kL,58.5,,,False,Published by the National Greenhouse Accounts.,NgaFactors.csv,,,,,,seed,2026-09-03T22:17:25,2026-09-03T22:17:25,
F0376,NGA|NgaFactors|Other biofuels-Cars and light commercial vehicles|Australia|kg CO2-e/kL,NGA,NgaFactors,NgaFactors,,Other biofuels-Cars and light commercial vehicles,2023.0,2023,Australia,kg CO2-e/kL,58.5,,,False,Published by the National Greenhouse Accounts.,NgaFactors.csv,,,,,,seed,2026-09-03T22:17:25,2026-09-03T22:17:25,
F0377,NGA|NgaFactors|Other biofuels-Cars and light commercial vehicles|Australia|kg CO2-e/kL,NGA,NgaFactors,NgaFactors,,Other biofuels-Cars and light commercial vehicles,2024.0,2024,Australia,kg CO2-e/kL,58.5,,,False,Published by the National Greenhouse Accounts.,NgaFactors.csv,,,,,,seed,2026-09-03T22:17:25,2026-09-03T22:17:25,
F0378,NGA|NgaFactors|Other biofuels-Cars and light commercial vehicles|Australia|kg CO2-e/kL,NGA,NgaFactors,NgaFactors,,Other biofuels-Cars and light commercial vehicles,2025.0,2025,Australia,kg CO2-e/kL,58.5,,,False,Published by the National Greenhouse Accounts.,NgaFactors.csv,,,,,,seed,2026-09-03T22:17:25,2026-09-03T22:17:25,
F0379,NGA|NgaFactors|Other biofuels-Cars and light commercial vehicles|Australia|kg CO2-e/kL,NGA,NgaFactors,NgaFactors,,Other biofuels-Cars and light commercial vehicles,2026.0,2026,Australia,kg CO2-e/kL,58.5,,,False,Published by the National Greenhouse Accounts.,NgaFactors.csv,,,,,,seed,2026-09-03T22:17:25,2026-09-03T22:17:25,
F0380,NGA|NgaFactors|Other natural gas liquids|Australia|kg CO2-e/t,NGA,NgaFactors,NgaFactors,,Other natural gas liquids,2022.0,2022,Australia,kg CO2-e/t,2849.52,,,False,Published by the National Greenhouse Accounts.,NgaFactors.csv,,,,,,seed,2026-09-03T22:17:25,2026-09-03T22:17:25,
F0381,NGA|NgaFactors|Other natural gas liquids|Australia|kg CO2-e/t,NGA,NgaFactors,NgaFactors,,Other natural gas liquids,2023.0,2023,Australia,kg CO2-e/t,2849.52,,,False,Published by the National Greenhouse Accounts.,NgaFactors.csv,,,,,,seed,2026-09-03T22:17:25,2026-09-03T22:17:25,
F0382,NGA|NgaFactors|Other natural gas liquids|Australia|kg CO2-e/t,NGA,NgaFactors,NgaFactors,,Other natural gas liquids,2024.0,2024,Australia,kg CO2-e/t,2849.52,,,False,Published by the National Greenhouse Accounts.,NgaFactors.csv,,,,,,seed,2026-09-03T22:17:25,2026-09-03T22:17:25,
F0383,NGA|NgaFactors|Other natural gas liquids|Australia|kg CO2-e/t,NGA,NgaFactors,NgaFactors,,Other natural gas liquids,2025.0,2025,Australia,kg CO2-e/t,2849.52,,,False,Published by the National Greenhouse Accounts.,NgaFactors.csv,,,,,,seed,2026-09-03T22:17:25,2026-09-03T22:17:25,
F0384,NGA|NgaFactors|Other natural gas liquids|Australia|kg CO2-e/t,NGA,NgaFactors,NgaFactors,,Other natural gas liquids,2026.0,2026,Australia,kg CO2-e/t,2849.52,,,False,Published by the National Greenhouse Accounts.,NgaFactors.csv,,,,,,seed,2026-09-03T22:17:25,2026-09-03T22:17:25,
F0385,"NGA|NgaFactors|Passenger car tyres, if recycled and combusted to produce heat or electricity|Australia|kg CO2-e/t",NGA,NgaFactors,NgaFactors,,"Passenger car tyres, if recycled and combusted to produce heat or electricity",2022.0,2022,Australia,kg CO2-e/t,2016.96,,,False,Published by the National Greenhouse Accounts.,NgaFactors.csv,,,,,,seed,2026-09-03T22:17:25,2026-09-03T22:17:25,
F0386,"NGA|NgaFactors|Passenger car tyres, if recycled and combusted to produce heat or electricity|Australia|kg CO2-e/t",NGA,NgaFactors,NgaFactors,,"Passenger car tyres, if recycled and combusted to produce heat or electricity",2023.0,2023,Australia,kg CO2-e/t,2016.96,,,False,Published by the National Greenhouse Accounts.,NgaFactors.csv,,,,,,seed,2026-09-03T22:17:25,2026-09-03T22:17:25,
F0387,"NGA|NgaFactors|Passenger car tyres, if recycled and combusted to produce heat or electricity|Australia|kg CO2-e/t",NGA,NgaFactors,NgaFactors,,"Passenger car tyres, if recycled and combusted to produce heat or electricity",2024.0,2024,Australia,kg CO2-e/t,2016.96,,,False,Published by the National Greenhouse Accounts.,NgaFactors.csv,,,,,,seed,2026-09-03T22:17:25,2026-09-03T22:17:25,
F0388,"NGA|NgaFactors|Passenger car tyres, if recycled and combusted to produce heat or electricity|Australia|kg CO2-e/t",NGA,NgaFactors,NgaFactors,,"Passenger car tyres, if recycled and combusted to produce heat or electricity",2025.0,2025,Australia,kg CO2-e/t,2016.96,,,False,Published by the National Greenhouse Accounts.,NgaFactors.csv,,,,,,seed,2026-09-03T22:17:25,2026-09-03T22:17:25,
F0389,"NGA|NgaFactors|Passenger car tyres, if recycled and combusted to produce heat or electricity|Australia|kg CO2-e/t",NGA,NgaFactors,NgaFactors,,"Passenger car tyres, if recycled and combusted to produce heat or electricity",2026.0,2026,Australia,kg CO2-e/t,2016.96,,,False,Published by the National Greenhouse Accounts.,NgaFactors.csv,,,,,,seed,2026-09-03T22:17:25,2026-09-03T22:17:25,
F0390,NGA|NgaFactors|Petroleum based greases|Australia|kg CO2-e/kL,NGA,NgaFactors,NgaFactors,,Petroleum based greases,2022.0,2022,Australia,kg CO2-e/kL,135.79999999999998,,698.4,False,Published by the National Greenhouse Accounts.,NgaFactors.csv,,,,,,seed,2026-09-03T22:17:25,2026-09-03T22:17:25,
F0391,NGA|NgaFactors|Petroleum based greases|Australia|kg CO2-e/kL,NGA,NgaFactors,NgaFactors,,Petroleum based greases,2023.0,2023,Australia,kg CO2-e/kL,135.79999999999998,,698.4,False,Published by the National Greenhouse Accounts.,NgaFactors.csv,,,,,,seed,2026-09-03T22:17:25,2026-09-03T22:17:25,
F0392,NGA|NgaFactors|Petroleum based greases|Australia|kg CO2-e/kL,NGA,NgaFactors,NgaFactors,,Petroleum based greases,2024.0,2024,Australia,kg CO2-e/kL,135.79999999999998,,698.4,False,Published by the National Greenhouse Accounts.,NgaFactors.csv,,,,,,seed,2026-09-03T22:17:25,2026-09-03T22:17:25,
F0393,NGA|NgaFactors|Petroleum based greases|Australia|kg CO2-e/kL,NGA,NgaFactors,NgaFactors,,Petroleum based greases,2025.0,2025,Australia,kg CO2-e/kL,135.79999999999998,,698.4,False,Published by the National Greenhouse Accounts.,NgaFactors.csv,,,,,,seed,2026-09-03T22:17:25,2026-09-03T22:17:25,
F0394,NGA|NgaFactors|Petroleum based greases|Australia|kg CO2-e/kL,NGA,NgaFactors,NgaFactors,,Petroleum based greases,2026.0,2026,Australia,kg CO2-e/kL,135.79999999999998,,698.4,False,Published by the National Greenhouse Accounts.,NgaFactors.csv,,,,,,seed,2026-09-03T22:17:25,2026-09-03T22:17:25,
F0395,"NGA|NgaFactors|Petroleum based oils (other than petroleum based oil used as fuel), e.g. lubricants|Australia|kg CO2-e/kL",NGA,NgaFactors,NgaFactors,,"Petroleum based oils (other than petroleum based oil used as fuel), e.g. lubricants",2022.0,2022,Australia,kg CO2-e/kL,539.3199999999999,,698.4,False,Published by the National Greenhouse Accounts.,NgaFactors.csv,,,,,,seed,2026-09-03T22:17:25,2026-09-03T22:17:25,
F0396,"NGA|NgaFactors|Petroleum based oils (other than petroleum based oil used as fuel), e.g. lubricants|Australia|kg CO2-e/kL",NGA,NgaFactors,NgaFactors,,"Petroleum based oils (other than petroleum based oil used as fuel), e.g. lubricants",2023.0,2023,Australia,kg CO2-e/kL,539.3199999999999,,698.4,False,Published by the National Greenhouse Accounts.,NgaFactors.csv,,,,,,seed,2026-09-03T22:17:25,2026-09-03T22:17:25,
F0397,"NGA|NgaFactors|Petroleum based oils (other than petroleum based oil used as fuel), e.g. lubricants|Australia|kg CO2-e/kL",NGA,NgaFactors,NgaFactors,,"Petroleum based oils (other than petroleum based oil used as fuel), e.g. lubricants",2024.0,2024,Australia,kg CO2-e/kL,539.3199999999999,,698.4,False,Published by the National Greenhouse Accounts.,NgaFactors.csv,,,,,,seed,2026-09-03T22:17:25,2026-09-03T22:17:25,
F0398,"NGA|NgaFactors|Petroleum based oils (other than petroleum based oil used as fuel), e.g. lubricants|Australia|kg CO2-e/kL",NGA,NgaFactors,NgaFactors,,"Petroleum based oils (other than petroleum based oil used as fuel), e.g. lubricants",2025.0,2025,Australia,kg CO2-e/kL,539.3199999999999,,698.4,False,Published by the National Greenhouse Accounts.,NgaFactors.csv,,,,,,seed,2026-09-03T22:17:25,2026-09-03T22:17:25,
F0399,"NGA|NgaFactors|Petroleum based oils (other than petroleum based oil used as fuel), e.g. lubricants|Australia|kg CO2-e/kL",NGA,NgaFactors,NgaFactors,,"Petroleum based oils (other than petroleum based oil used as fuel), e.g. lubricants",2026.0,2026,Australia,kg CO2-e/kL,539.3199999999999,,698.4,False,Published by the National Greenhouse Accounts.,NgaFactors.csv,,,,,,seed,2026-09-03T22:17:25,2026-09-03T22:17:25,
F0400,NGA|NgaFactors|Petroleum based products other than mentioned in the items above|Australia|kg CO2-e/kL,NGA,NgaFactors,NgaFactors,,Petroleum based products other than mentioned in the items above,2022.0,2022,Australia,kg CO2-e/kL,2405.248,,619.1999999999999,False,Published by the National Greenhouse Accounts.,NgaFactors.csv,,,,,,seed,2026-09-03T22:17:25,2026-09-03T22:17:25,
F0401,NGA|NgaFactors|Petroleum based products other than mentioned in the items above|Australia|kg CO2-e/kL,NGA,NgaFactors,NgaFactors,,Petroleum based products other than mentioned in the items above,2023.0,2023,Australia,kg CO2-e/kL,2405.248,,619.1999999999999,False,Published by the National Greenhouse Accounts.,NgaFactors.csv,,,,,,seed,2026-09-03T22:17:25,2026-09-03T22:17:25,
F0402,NGA|NgaFactors|Petroleum based products other than mentioned in the items above|Australia|kg CO2-e/kL,NGA,NgaFactors,NgaFactors,,Petroleum based products other than mentioned in the items above,2024.0,2024,Australia,kg CO2-e/kL,2405.248,,619.1999999999999,False,Published by the National Greenhouse Accounts.,NgaFactors.csv,,,,,,seed,2026-09-03T22:17:25,2026-09-03T22:17:25,
F0403,NGA|NgaFactors|Petroleum based products other than mentioned in the items above|Australia|kg CO2-e/kL,NGA,NgaFactors,NgaFactors,,Petroleum based products other than mentioned in the items above,2025.0,2025,Australia,kg CO2-e/kL,2405.248,,619.1999999999999,False,Published by the National Greenhouse Accounts.,NgaFactors.csv,,,,,,seed,2026-09-03T22:17:25,2026-09-03T22:17:25,
F0404,NGA|NgaFactors|Petroleum based products other than mentioned in the items above|Australia|kg CO2-e/kL,NGA,NgaFactors,NgaFactors,,Petroleum based products other than mentioned in the items above,2026.0,2026,Australia,kg CO2-e/kL,2405.248,,619.1999999999999,False,Published by the National Greenhouse Accounts.,NgaFactors.csv,,,,,,seed,2026-09-03T22:17:25,2026-09-03T22:17:25,
F0405,NGA|NgaFactors|Petroleum coke|Australia|kg CO2-e/t,NGA,NgaFactors,NgaFactors,,Petroleum coke,2022.0,2022,Australia,kg CO2-e/t,3176.496,,615.6,False,Published by the National Greenhouse Accounts.,NgaFactors.csv,,,,,,seed,2026-09-03T22:17:25,2026-09-03T22:17:25,
F0406,NGA|NgaFactors|Petroleum coke|Australia|kg CO2-e/t,NGA,NgaFactors,NgaFactors,,Petroleum coke,2023.0,2023,Australia,kg CO2-e/t,3176.496,,615.6,False,Published by the National Greenhouse Accounts.,NgaFactors.csv,,,,,,seed,2026-09-03T22:17:25,2026-09-03T22:17:25,
F0407,NGA|NgaFactors|Petroleum coke|Australia|kg CO2-e/t,NGA,NgaFactors,NgaFactors,,Petroleum coke,2024.0,2024,Australia,kg CO2-e/t,3176.496,,615.6,False,Published by the National Greenhouse Accounts.,NgaFactors.csv,,,,,,seed,2026-09-03T22:17:25,2026-09-03T22:17:25,
F0408,NGA|NgaFactors|Petroleum coke|Australia|kg CO2-e/t,NGA,NgaFactors,NgaFactors,,Petroleum coke,2025.0,2025,Australia,kg CO2-e/t,3176.496,,615.6,False,Published by the National Greenhouse Accounts.,NgaFactors.csv,,,,,,seed,2026-09-03T22:17:25,2026-09-03T22:17:25,
F0409,NGA|NgaFactors|Petroleum coke|Australia|kg CO2-e/t,NGA,NgaFactors,NgaFactors,,Petroleum coke,2026.0,2026,Australia,kg CO2-e/t,3176.496,,615.6,False,Published by the National Greenhouse Accounts.,NgaFactors.csv,,,,,,seed,2026-09-03T22:17:25,2026-09-03T22:17:25,
F0410,NGA|NgaFactors|Primary solid biomass fuels other than those mentioned in the items above|Australia|kg CO2-e/t,NGA,NgaFactors,NgaFactors,,Primary solid biomass fuels other than those mentioned in the items above,2022.0,2022,Australia,kg CO2-e/t,21.96,,,False,Published by the National Greenhouse Accounts.,NgaFactors.csv,,,,,,seed,2026-09-03T22:17:25,2026-09-03T22:17:25,
F0411,NGA|NgaFactors|Primary solid biomass fuels other than those mentioned in the items above|Australia|kg CO2-e/t,NGA,NgaFactors,NgaFactors,,Primary solid biomass fuels other than those mentioned in the items above,2023.0,2023,Australia,kg CO2-e/t,21.96,,,False,Published by the National Greenhouse Accounts.,NgaFactors.csv,,,,,,seed,2026-09-03T22:17:25,2026-09-03T22:17:25,
F0412,NGA|NgaFactors|Primary solid biomass fuels other than those mentioned in the items above|Australia|kg CO2-e/t,NGA,NgaFactors,NgaFactors,,Primary solid biomass fuels other than those mentioned in the items above,2024.0,2024,Australia,kg CO2-e/t,21.96,,,False,Published by the National Greenhouse Accounts.,NgaFactors.csv,,,,,,seed,2026-09-03T22:17:25,2026-09-03T22:17:25,
F0413,NGA|NgaFactors|Primary solid biomass fuels other than those mentioned in the items above|Australia|kg CO2-e/t,NGA,NgaFactors,NgaFactors,,Primary solid biomass fuels other than those mentioned in the items above,2025.0,2025,Australia,kg CO2-e/t,21.96,,,False,Published by the National Greenhouse Accounts.,NgaFactors.csv,,,,,,seed,2026-09-03T22:17:25,2026-09-03T22:17:25,
F0414,NGA|NgaFactors|Primary solid biomass fuels other than those mentioned in the items above|Australia|kg CO2-e/t,NGA,NgaFactors,NgaFactors,,Primary solid biomass fuels other than those mentioned in the items above,2026.0,2026,Australia,kg CO2-e/t,21.96,,,False,Published by the National Greenhouse Accounts.,NgaFactors.csv,,,,,,seed,2026-09-03T22:17:25,2026-09-03T22:17:25,
F0415,NGA|NgaFactors|Refinery coke|Australia|kg CO2-e/t,NGA,NgaFactors,NgaFactors,,Refinery coke,2022.0,2022,Australia,kg CO2-e/t,3176.496,,615.6,False,Published by the National Greenhouse Accounts.,NgaFactors.csv,,,,,,seed,2026-09-03T22:17:25,2026-09-03T22:17:25,
F0416,NGA|NgaFactors|Refinery coke|Australia|kg CO2-e/t,NGA,NgaFactors,NgaFactors,,Refinery coke,2023.0,2023,Australia,kg CO2-e/t,3176.496,,615.6,False,Published by the National Greenhouse Accounts.,NgaFactors.csv,,,,,,seed,2026-09-03T22:17:25,2026-09-03T22:17:25,
F0417,NGA|NgaFactors|Refinery coke|Australia|kg CO2-e/t,NGA,NgaFactors,NgaFactors,,Refinery coke,2024.0,2024,Australia,kg CO2-e/t,3176.496,,615.6,False,Published by the National Greenhouse Accounts.,NgaFactors.csv,,,,,,seed,2026-09-03T22:17:25,2026-09-03T22:17:25,
F0418,NGA|NgaFactors|Refinery coke|Australia|kg CO2-e/t,NGA,NgaFactors,NgaFactors,,Refinery coke,2025.0,2025,Australia,kg CO2-e/t,3176.496,,615.6,False,Published by the National Greenhouse Accounts.,NgaFactors.csv,,,,,,seed,2026-09-03T22:17:25,2026-09-03T22:17:25,
F0419,NGA|NgaFactors|Refinery coke|Australia|kg CO2-e/t,NGA,NgaFactors,NgaFactors,,Refinery coke,2026.0,2026,Australia,kg CO2-e/t,3176.496,,615.6,False,Published by the National Greenhouse Accounts.,NgaFactors.csv,,,,,,seed,2026-09-03T22:17:25,2026-09-03T22:17:25,
F0420,NGA|NgaFactors|Refinery gas and liquids|Australia|kg CO2-e/t,NGA,NgaFactors,NgaFactors,,Refinery gas and liquids,2022.0,2022,Australia,kg CO2-e/t,2349.204,,772.1999999999999,False,Published by the National Greenhouse Accounts.,NgaFactors.csv,,,,,,seed,2026-09-03T22:17:25,2026-09-03T22:17:25,
F0421,NGA|NgaFactors|Refinery gas and liquids|Australia|kg CO2-e/t,NGA,NgaFactors,NgaFactors,,Refinery gas and liquids,2023.0,2023,Australia,kg CO2-e/t,2349.204,,772.1999999999999,False,Published by the National Greenhouse Accounts.,NgaFactors.csv,,,,,,seed,2026-09-03T22:17:25,2026-09-03T22:17:25,
F0422,NGA|NgaFactors|Refinery gas and liquids|Australia|kg CO2-e/t,NGA,NgaFactors,NgaFactors,,Refinery gas and liquids,2024.0,2024,Australia,kg CO2-e/t,2349.204,,772.1999999999999,False,Published by the National Greenhouse Accounts.,NgaFactors.csv,,,,,,seed,2026-09-03T22:17:25,2026-09-03T22:17:25,
F0423,NGA|NgaFactors|Refinery gas and liquids|Australia|kg CO2-e/t,NGA,NgaFactors,NgaFactors,,Refinery gas and liquids,2025.0,2025,Australia,kg CO2-e/t,2349.204,,772.1999999999999,False,Published by the National Greenhouse Accounts.,NgaFactors.csv,,,,,,seed,2026-09-03T22:17:25,2026-09-03T22:17:25,
F0424,NGA|NgaFactors|Refinery gas and liquids|Australia|kg CO2-e/t,NGA,NgaFactors,NgaFactors,,Refinery gas and liquids,2026.0,2026,Australia,kg CO2-e/t,2349.204,,772.1999999999999,False,Published by the National Greenhouse Accounts.,NgaFactors.csv,,,,,,seed,2026-09-03T22:17:25,2026-09-03T22:17:25,
F0425,NGA|NgaFactors|Renewable aviation kerosene|Australia|kg CO2-e/kL,NGA,NgaFactors,NgaFactors,,Renewable aviation kerosene,2024.0,2024,Australia,kg CO2-e/kL,22.448,,,False,Published by the National Greenhouse Accounts.,NgaFactors.csv,,,,,,seed,2026-09-03T22:17:25,2026-09-03T22:17:25,
F0426,NGA|NgaFactors|Renewable aviation kerosene|Australia|kg CO2-e/t,NGA,NgaFactors,NgaFactors,,Renewable aviation kerosene,2024.0,2024,Australia,kg CO2-e/t,8.096,,,False,Published by the National Greenhouse Accounts.,NgaFactors.csv,,,,,,seed,2026-09-03T22:17:25,2026-09-03T22:17:25,
F0427,NGA|NgaFactors|Renewable aviation kerosene|Australia|kg CO2-e/kL,NGA,NgaFactors,NgaFactors,,Renewable aviation kerosene,2025.0,2025,Australia,kg CO2-e/kL,22.448,,,False,Published by the National Greenhouse Accounts.,NgaFactors.csv,,,,,,seed,2026-09-03T22:17:25,2026-09-03T22:17:25,
F0428,NGA|NgaFactors|Renewable aviation kerosene|Australia|kg CO2-e/t,NGA,NgaFactors,NgaFactors,,Renewable aviation kerosene,2025.0,2025,Australia,kg CO2-e/t,8.096,,,False,Published by the National Greenhouse Accounts.,NgaFactors.csv,,,,,,seed,2026-09-03T22:17:25,2026-09-03T22:17:25,
F0429,NGA|NgaFactors|Renewable aviation kerosene|Australia|kg CO2-e/kL,NGA,NgaFactors,NgaFactors,,Renewable aviation kerosene,2026.0,2026,Australia,kg CO2-e/kL,22.448,,,False,Published by the National Greenhouse Accounts.,NgaFactors.csv,,,,,,seed,2026-09-03T22:17:25,2026-09-03T22:17:25,
F0430,NGA|NgaFactors|Renewable aviation kerosene|Australia|kg CO2-e/t,NGA,NgaFactors,NgaFactors,,Renewable aviation kerosene,2026.0,2026,Australia,kg CO2-e/t,8.096,,,False,Published by the National Greenhouse Accounts.,NgaFactors.csv,,,,,,seed,2026-09-03T22:17:25,2026-09-03T22:17:25,
F0431,NGA|NgaFactors|Renewable diesel|Australia|kg CO2-e/t,NGA,NgaFactors,NgaFactors,,Renewable diesel,2024.0,2024,Australia,kg CO2-e/t,11.58,,,False,Published by the National Greenhouse Accounts.,NgaFactors.csv,,,,,,seed,2026-09-03T22:17:25,2026-09-03T22:17:25,
F0432,NGA|NgaFactors|Renewable diesel|Australia|kg CO2-e/t,NGA,NgaFactors,NgaFactors,,Renewable diesel,2025.0,2025,Australia,kg CO2-e/t,11.58,,,False,Published by the National Greenhouse Accounts.,NgaFactors.csv,,,,,,seed,2026-09-03T22:17:25,2026-09-03T22:17:25,
F0433,NGA|NgaFactors|Renewable diesel|Australia|kg CO2-e/t,NGA,NgaFactors,NgaFactors,,Renewable diesel,2026.0,2026,Australia,kg CO2-e/t,11.58,,,False,Published by the National Greenhouse Accounts.,NgaFactors.csv,,,,,,seed,2026-09-03T22:17:25,2026-09-03T22:17:25,
F0434,NGA|NgaFactors|Sludge biogas that is captured for combustion (methane only)|Australia|kg CO2-e/m3,NGA,NgaFactors,NgaFactors,,Sludge biogas that is captured for combustion (methane only),2022.0,2022,Australia,kg CO2-e/m3,0.2424109999999999,,,False,Published by the National Greenhouse Accounts.,NgaFactors.csv,,,,,,seed,2026-09-03T22:17:25,2026-09-03T22:17:25,
F0435,NGA|NgaFactors|Sludge biogas that is captured for combustion (methane only)|Australia|kg CO2-e/m3,NGA,NgaFactors,NgaFactors,,Sludge biogas that is captured for combustion (methane only),2023.0,2023,Australia,kg CO2-e/m3,0.2424109999999999,,,False,Published by the National Greenhouse Accounts.,NgaFactors.csv,,,,,,seed,2026-09-03T22:17:25,2026-09-03T22:17:25,
F0436,NGA|NgaFactors|Sludge biogas that is captured for combustion (methane only)|Australia|kg CO2-e/m3,NGA,NgaFactors,NgaFactors,,Sludge biogas that is captured for combustion (methane only),2024.0,2024,Australia,kg CO2-e/m3,0.2424109999999999,,,False,Published by the National Greenhouse Accounts.,NgaFactors.csv,,,,,,seed,2026-09-03T22:17:25,2026-09-03T22:17:25,
F0437,NGA|NgaFactors|Sludge biogas that is captured for combustion (methane only)|Australia|kg CO2-e/m3,NGA,NgaFactors,NgaFactors,,Sludge biogas that is captured for combustion (methane only),2025.0,2025,Australia,kg CO2-e/m3,0.2424109999999999,,,False,Published by the National Greenhouse Accounts.,NgaFactors.csv,,,,,,seed,2026-09-03T22:17:25,2026-09-03T22:17:25,
F0438,NGA|NgaFactors|Sludge biogas that is captured for combustion (methane only)|Australia|kg CO2-e/m3,NGA,NgaFactors,NgaFactors,,Sludge biogas that is captured for combustion (methane only),2026.0,2026,Australia,kg CO2-e/m3,0.2424109999999999,,,False,Published by the National Greenhouse Accounts.,NgaFactors.csv,,,,,,seed,2026-09-03T22:17:25,2026-09-03T22:17:25,
F0439,NGA|NgaFactors|Solid fossil fuels other than those mentioned in the items above|Australia|kg CO2-e/t,NGA,NgaFactors,NgaFactors,,Solid fossil fuels other than those mentioned in the items above,2022.0,2022,Australia,kg CO2-e/t,2105.688,,,False,Published by the National Greenhouse Accounts.,NgaFactors.csv,,,,,,seed,2026-09-03T22:17:25,2026-09-03T22:17:25,
F0440,NGA|NgaFactors|Solid fossil fuels other than those mentioned in the items above|Australia|kg CO2-e/t,NGA,NgaFactors,NgaFactors,,Solid fossil fuels other than those mentioned in the items above,2023.0,2023,Australia,kg CO2-e/t,2105.688,,,False,Published by the National Greenhouse Accounts.,NgaFactors.csv,,,,,,seed,2026-09-03T22:17:25,2026-09-03T22:17:25,
F0441,NGA|NgaFactors|Solid fossil fuels other than those mentioned in the items above|Australia|kg CO2-e/t,NGA,NgaFactors,NgaFactors,,Solid fossil fuels other than those mentioned in the items above,2024.0,2024,Australia,kg CO2-e/t,2105.688,,,False,Published by the National Greenhouse Accounts.,NgaFactors.csv,,,,,,seed,2026-09-03T22:17:25,2026-09-03T22:17:25,
F0442,NGA|NgaFactors|Solid fossil fuels other than those mentioned in the items above|Australia|kg CO2-e/t,NGA,NgaFactors,NgaFactors,,Solid fossil fuels other than those mentioned in the items above,2025.0,2025,Australia,kg CO2-e/t,2105.688,,,False,Published by the National Greenhouse Accounts.,NgaFactors.csv,,,,,,seed,2026-09-03T22:17:25,2026-09-03T22:17:25,
F0443,NGA|NgaFactors|Solid fossil fuels other than those mentioned in the items above|Australia|kg CO2-e/t,NGA,NgaFactors,NgaFactors,,Solid fossil fuels other than those mentioned in the items above,2026.0,2026,Australia,kg CO2-e/t,2105.688,,,False,Published by the National Greenhouse Accounts.,NgaFactors.csv,,,,,,seed,2026-09-03T22:17:25,2026-09-03T22:17:25,
F0444,NGA|NgaFactors|Solvents: mineral turpentine or white spirits|Australia|kg CO2-e/kL,NGA,NgaFactors,NgaFactors,,Solvents: mineral turpentine or white spirits,2022.0,2022,Australia,kg CO2-e/kL,2405.592,,619.1999999999999,False,Published by the National Greenhouse Accounts.,NgaFactors.csv,,,,,,seed,2026-09-03T22:17:25,2026-09-03T22:17:25,
F0445,NGA|NgaFactors|Solvents: mineral turpentine or white spirits|Australia|kg CO2-e/kL,NGA,NgaFactors,NgaFactors,,Solvents: mineral turpentine or white spirits,2023.0,2023,Australia,kg CO2-e/kL,2405.592,,619.1999999999999,False,Published by the National Greenhouse Accounts.,NgaFactors.csv,,,,,,seed,2026-09-03T22:17:25,2026-09-03T22:17:25,
F0446,NGA|NgaFactors|Solvents: mineral turpentine or white spirits|Australia|kg CO2-e/kL,NGA,NgaFactors,NgaFactors,,Solvents: mineral turpentine or white spirits,2024.0,2024,Australia,kg CO2-e/kL,2405.592,,619.1999999999999,False,Published by the National Greenhouse Accounts.,NgaFactors.csv,,,,,,seed,2026-09-03T22:17:25,2026-09-03T22:17:25,
F0447,NGA|NgaFactors|Solvents: mineral turpentine or white spirits|Australia|kg CO2-e/kL,NGA,NgaFactors,NgaFactors,,Solvents: mineral turpentine or white spirits,2025.0,2025,Australia,kg CO2-e/kL,2405.592,,619.1999999999999,False,Published by the National Greenhouse Accounts.,NgaFactors.csv,,,,,,seed,2026-09-03T22:17:25,2026-09-03T22:17:25,
F0448,NGA|NgaFactors|Solvents: mineral turpentine or white spirits|Australia|kg CO2-e/kL,NGA,NgaFactors,NgaFactors,,Solvents: mineral turpentine or white spirits,2026.0,2026,Australia,kg CO2-e/kL,2405.592,,619.1999999999999,False,Published by the National Greenhouse Accounts.,NgaFactors.csv,,,,,,seed,2026-09-03T22:17:25,2026-09-03T22:17:25,
F0449,NGA|NgaFactors|Sub-bituminous coal|Australia|kg CO2-e/t,NGA,NgaFactors,NgaFactors,,Sub-bituminous coal,2022.0,2022,Australia,kg CO2-e/t,1895.04,,52.5,False,Published by the National Greenhouse Accounts.,NgaFactors.csv,,,,,,seed,2026-09-03T22:17:25,2026-09-03T22:17:25,
F0450,NGA|NgaFactors|Sub-bituminous coal|Australia|kg CO2-e/t,NGA,NgaFactors,NgaFactors,,Sub-bituminous coal,2023.0,2023,Australia,kg CO2-e/t,1895.04,,52.5,False,Published by the National Greenhouse Accounts.,NgaFactors.csv,,,,,,seed,2026-09-03T22:17:25,2026-09-03T22:17:25,
F0451,NGA|NgaFactors|Sub-bituminous coal|Australia|kg CO2-e/t,NGA,NgaFactors,NgaFactors,,Sub-bituminous coal,2024.0,2024,Australia,kg CO2-e/t,1895.04,,52.5,False,Published by the National Greenhouse Accounts.,NgaFactors.csv,,,,,,seed,2026-09-03T22:17:25,2026-09-03T22:17:25,
F0452,NGA|NgaFactors|Sub-bituminous coal|Australia|kg CO2-e/t,NGA,NgaFactors,NgaFactors,,Sub-bituminous coal,2025.0,2025,Australia,kg CO2-e/t,1895.04,,52.5,False,Published by the National Greenhouse Accounts.,NgaFactors.csv,,,,,,seed,2026-09-03T22:17:25,2026-09-03T22:17:25,
F0453,NGA|NgaFactors|Sub-bituminous coal|Australia|kg CO2-e/t,NGA,NgaFactors,NgaFactors,,Sub-bituminous coal,2026.0,2026,Australia,kg CO2-e/t,1895.04,,52.5,False,Published by the National Greenhouse Accounts.,NgaFactors.csv,,,,,,seed,2026-09-03T22:17:25,2026-09-03T22:17:25,
F0454,NGA|NgaFactors|Sulphite lyes|Australia|kg CO2-e/t,NGA,NgaFactors,NgaFactors,,Sulphite lyes,2022.0,2022,Australia,kg CO2-e/t,7.191999999999999,,,False,Published by the National Greenhouse Accounts.,NgaFactors.csv,,,,,,seed,2026-09-03T22:17:25,2026-09-03T22:17:25,
F0455,NGA|NgaFactors|Sulphite lyes|Australia|kg CO2-e/t,NGA,NgaFactors,NgaFactors,,Sulphite lyes,2023.0,2023,Australia,kg CO2-e/t,7.191999999999999,,,False,Published by the National Greenhouse Accounts.,NgaFactors.csv,,,,,,seed,2026-09-03T22:17:25,2026-09-03T22:17:25,
F0456,NGA|NgaFactors|Sulphite lyes|Australia|kg CO2-e/t,NGA,NgaFactors,NgaFactors,,Sulphite lyes,2024.0,2024,Australia,kg CO2-e/t,7.191999999999999,,,False,Published by the National Greenhouse Accounts.,NgaFactors.csv,,,,,,seed,2026-09-03T22:17:25,2026-09-03T22:17:25,
F0457,NGA|NgaFactors|Sulphite lyes|Australia|kg CO2-e/t,NGA,NgaFactors,NgaFactors,,Sulphite lyes,2025.0,2025,Australia,kg CO2-e/t,7.191999999999999,,,False,Published by the National Greenhouse Accounts.,NgaFactors.csv,,,,,,seed,2026-09-03T22:17:25,2026-09-03T22:17:25,
F0458,NGA|NgaFactors|Sulphite lyes|Australia|kg CO2-e/t,NGA,NgaFactors,NgaFactors,,Sulphite lyes,2026.0,2026,Australia,kg CO2-e/t,7.191999999999999,,,False,Published by the National Greenhouse Accounts.,NgaFactors.csv,,,,,,seed,2026-09-03T22:17:25,2026-09-03T22:17:25,
F0459,NGA|NgaFactors|Town gas|Australia|kg CO2-e/m3,NGA,NgaFactors,NgaFactors,,Town gas,2022.0,2022,Australia,kg CO2-e/m3,2.35053,,,False,Published by the National Greenhouse Accounts.,NgaFactors.csv,,,,,,seed,2026-09-03T22:17:25,2026-09-03T22:17:25,
F0460,NGA|NgaFactors|Town gas|Australia|kg CO2-e/m3,NGA,NgaFactors,NgaFactors,,Town gas,2023.0,2023,Australia,kg CO2-e/m3,2.35053,,,False,Published by the National Greenhouse Accounts.,NgaFactors.csv,,,,,,seed,2026-09-03T22:17:25,2026-09-03T22:17:25,
F0461,NGA|NgaFactors|Town gas|Australia|kg CO2-e/m3,NGA,NgaFactors,NgaFactors,,Town gas,2024.0,2024,Australia,kg CO2-e/m3,2.35053,,,False,Published by the National Greenhouse Accounts.,NgaFactors.csv,,,,,,seed,2026-09-03T22:17:25,2026-09-03T22:17:25,
F0462,NGA|NgaFactors|Town gas|Australia|kg CO2-e/m3,NGA,NgaFactors,NgaFactors,,Town gas,2025.0,2025,Australia,kg CO2-e/m3,2.35053,,,False,Published by the National Greenhouse Accounts.,NgaFactors.csv,,,,,,seed,2026-09-03T22:17:25,2026-09-03T22:17:25,
F0463,NGA|NgaFactors|Town gas|Australia|kg CO2-e/m3,NGA,NgaFactors,NgaFactors,,Town gas,2026.0,2026,Australia,kg CO2-e/m3,2.35053,,,False,Published by the National Greenhouse Accounts.,NgaFactors.csv,,,,,,seed,2026-09-03T22:17:25,2026-09-03T22:17:25,
F0464,"NGA|NgaFactors|Truck and off-road tyres, if recycled and combusted to produce heat or electricity|Australia|kg CO2-e/t",NGA,NgaFactors,NgaFactors,,"Truck and off-road tyres, if recycled and combusted to produce heat or electricity",2022.0,2022,Australia,kg CO2-e/t,1521.123,,,False,Published by the National Greenhouse Accounts.,NgaFactors.csv,,,,,,seed,2026-09-03T22:17:25,2026-09-03T22:17:25,
F0465,"NGA|NgaFactors|Truck and off-road tyres, if recycled and combusted to produce heat or electricity|Australia|kg CO2-e/t",NGA,NgaFactors,NgaFactors,,"Truck and off-road tyres, if recycled and combusted to produce heat or electricity",2023.0,2023,Australia,kg CO2-e/t,1521.123,,,False,Published by the National Greenhouse Accounts.,NgaFactors.csv,,,,,,seed,2026-09-03T22:17:25,2026-09-03T22:17:25,
F0466,"NGA|NgaFactors|Truck and off-road tyres, if recycled and combusted to produce heat or electricity|Australia|kg CO2-e/t",NGA,NgaFactors,NgaFactors,,"Truck and off-road tyres, if recycled and combusted to produce heat or electricity",2024.0,2024,Australia,kg CO2-e/t,1521.123,,,False,Published by the National Greenhouse Accounts.,NgaFactors.csv,,,,,,seed,2026-09-03T22:17:25,2026-09-03T22:17:25,
F0467,"NGA|NgaFactors|Truck and off-road tyres, if recycled and combusted to produce heat or electricity|Australia|kg CO2-e/t",NGA,NgaFactors,NgaFactors,,"Truck and off-road tyres, if recycled and combusted to produce heat or electricity",2025.0,2025,Australia,kg CO2-e/t,1521.123,,,False,Published by the National Greenhouse Accounts.,NgaFactors.csv,,,,,,seed,2026-09-03T22:17:25,2026-09-03T22:17:25,
F0468,"NGA|NgaFactors|Truck and off-road tyres, if recycled and combusted to produce heat or electricity|Australia|kg CO2-e/t",NGA,NgaFactors,NgaFactors,,"Truck and off-road tyres, if recycled and combusted to produce heat or electricity",2026.0,2026,Australia,kg CO2-e/t,1521.123,,,False,Published by the National Greenhouse Accounts.,NgaFactors.csv,,,,,,seed,2026-09-03T22:17:25,2026-09-03T22:17:25,
F0469,NGA|NgaFactors|Unprocessed natural gas|Australia|kg CO2-e/m3,NGA,NgaFactors,NgaFactors,,Unprocessed natural gas,2022.0,2022,Australia,kg CO2-e/m3,2.025129,,,False,Published by the National Greenhouse Accounts.,NgaFactors.csv,,,,,,seed,2026-09-03T22:17:25,2026-09-03T22:17:25,
F0470,NGA|NgaFactors|Unprocessed natural gas|Australia|kg CO2-e/m3,NGA,NgaFactors,NgaFactors,,Unprocessed natural gas,2023.0,2023,Australia,kg CO2-e/m3,2.025129,,,False,Published by the National Greenhouse Accounts.,NgaFactors.csv,,,,,,seed,2026-09-03T22:17:25,2026-09-03T22:17:25,
F0471,NGA|NgaFactors|Unprocessed natural gas|Australia|kg CO2-e/m3,NGA,NgaFactors,NgaFactors,,Unprocessed natural gas,2024.0,2024,Australia,kg CO2-e/m3,2.025129,,,False,Published by the National Greenhouse Accounts.,NgaFactors.csv,,,,,,seed,2026-09-03T22:17:25,2026-09-03T22:17:25,
F0472,NGA|NgaFactors|Unprocessed natural gas|Australia|kg CO2-e/m3,NGA,NgaFactors,NgaFactors,,Unprocessed natural gas,2025.0,2025,Australia,kg CO2-e/m3,2.025129,,,False,Published by the National Greenhouse Accounts.,NgaFactors.csv,,,,,,seed,2026-09-03T22:17:25,2026-09-03T22:17:25,
F0473,NGA|NgaFactors|Unprocessed natural gas|Australia|kg CO2-e/m3,NGA,NgaFactors,NgaFactors,,Unprocessed natural gas,2026.0,2026,Australia,kg CO2-e/m3,2.025129,,,False,Published by the National Greenhouse Accounts.,NgaFactors.csv,,,,,,seed,2026-09-03T22:17:25,2026-09-03T22:17:25,
F0474,"Industry|AusLCI|ammonium nitrate, market for ammonium nitrate|Australia|t CO2-e per t",Industry,AusLCI,"AusLCI V48, ammonium nitrate, market for ammonium nitrate",,"ammonium nitrate, market for ammonium nitrate",,2022,Australia,t CO2-e per t,,,2.12,False,"Manufacture of the explosive. Detonation is separate, 0.17 t CO2 per tonne on AGO 2004 Table 11, and is priced as Scope 1 from the AGO ANFO detonation factor in this register.",Scope3Factors.csv,,,,,,seed,2026-09-03T22:17:25,2026-09-03T22:17:25,
F0475,Internal|Company|Recycling||t CO2-e per t,Internal,Company,"Recycling, screening factor",,Recycling,,2022,,t CO2-e per t,,,0.021,False,,Scope3Factors.csv,,,,,,seed,2026-09-03T22:17:25,2026-09-03T22:17:25,
F0476,Internal|Company|Treatment and disposal||t CO2-e per t,Internal,Company,"Treatment and disposal, screening factor",,Treatment and disposal,,2022,,t CO2-e per t,,,0.02,False,,Scope3Factors.csv,,,,,,seed,2026-09-03T22:17:25,2026-09-03T22:17:25,
F0477,"Internal|Company|domestic short haul, economy||kg CO2-e per passenger km",Internal,Company,"Recognised aviation factor, domestic short haul, economy",,"domestic short haul, economy",,2022,,kg CO2-e per passenger km,,,0.155,False,,Scope3Factors.csv,,,,,,seed,2026-09-03T22:17:25,2026-09-03T22:17:25,
F0478,Spend-based|EPA SCEF|All Other Miscellaneous Electrical Equipment and Component Mfg|USA|t CO2-e per $1M AUD,Spend-based,EPA SCEF,"US EPA SCEF v1.3, band calibrated to AUD",335999.0,All Other Miscellaneous Electrical Equipment and Component Mfg,2022.0,2022,USA,t CO2-e per $1M AUD,,,70.4,False,,Scope3Factors.csv,,,,,,seed,2026-09-03T22:17:25,2026-09-03T22:17:25,
F0479,Spend-based|EPA SCEF|All Other Specialty Trade Contractors|USA|t CO2-e per $1M AUD,Spend-based,EPA SCEF,"US EPA SCEF v1.3, band calibrated to AUD",238990.0,All Other Specialty Trade Contractors,2022.0,2022,USA,t CO2-e per $1M AUD,,,139.0,False,,Scope3Factors.csv,,,,,,seed,2026-09-03T22:17:25,2026-09-03T22:17:25,
F0480,Spend-based|EPA SCEF|Commercial and Institutional Building Construction|USA|t CO2-e per $1M AUD,Spend-based,EPA SCEF,"US EPA SCEF v1.3, band calibrated to AUD",236220.0,Commercial and Institutional Building Construction,2022.0,2022,USA,t CO2-e per $1M AUD,,,140.9,False,,Scope3Factors.csv,,,,,,seed,2026-09-03T22:17:25,2026-09-03T22:17:25,
F0481,Spend-based|EPA SCEF|Construction Machinery Manufacturing|USA|t CO2-e per $1M AUD,Spend-based,EPA SCEF,"US EPA SCEF v1.3, band calibrated to AUD",333120.0,Construction Machinery Manufacturing,2022.0,2022,USA,t CO2-e per $1M AUD,,,126.4,False,,Scope3Factors.csv,,,,,,seed,2026-09-03T22:17:25,2026-09-03T22:17:25,
F0482,Spend-based|EPA SCEF|Electrical Contractors and Other Wiring Installation|USA|t CO2-e per $1M AUD,Spend-based,EPA SCEF,"US EPA SCEF v1.3, band calibrated to AUD",238210.0,Electrical Contractors and Other Wiring Installation,2022.0,2022,USA,t CO2-e per $1M AUD,,,139.0,False,,Scope3Factors.csv,,,,,,seed,2026-09-03T22:17:25,2026-09-03T22:17:25,
F0483,Spend-based|EPA SCEF|Engineering Services|USA|t CO2-e per $1M AUD,Spend-based,EPA SCEF,"US EPA SCEF v1.3, band calibrated to AUD",541330.0,Engineering Services,2022.0,2022,USA,t CO2-e per $1M AUD,,,64.8,False,,Scope3Factors.csv,,,,,,seed,2026-09-03T22:17:25,2026-09-03T22:17:25,
F0484,Spend-based|EPA SCEF|Fabricated Structural Metal Manufacturing|USA|t CO2-e per $1M AUD,Spend-based,EPA SCEF,"US EPA SCEF v1.3, band calibrated to AUD",332312.0,Fabricated Structural Metal Manufacturing,2022.0,2022,USA,t CO2-e per $1M AUD,,,154.7,False,,Scope3Factors.csv,,,,,,seed,2026-09-03T22:17:25,2026-09-03T22:17:25,
F0485,Spend-based|EPA SCEF|Farm Machinery and Equipment Manufacturing|USA|t CO2-e per $1M AUD,Spend-based,EPA SCEF,"US EPA SCEF v1.3, band calibrated to AUD",333111.0,Farm Machinery and Equipment Manufacturing,2022.0,2022,USA,t CO2-e per $1M AUD,,,120.1,False,,Scope3Factors.csv,,,,,,seed,2026-09-03T22:17:25,2026-09-03T22:17:25,
F0486,Spend-based|EPA SCEF|Heavy Duty Truck Manufacturing|USA|t CO2-e per $1M AUD,Spend-based,EPA SCEF,"US EPA SCEF v1.3, band calibrated to AUD",336120.0,Heavy Duty Truck Manufacturing,2022.0,2022,USA,t CO2-e per $1M AUD,,,164.8,False,,Scope3Factors.csv,,,,,,seed,2026-09-03T22:17:25,2026-09-03T22:17:25,
F0487,Spend-based|EPA SCEF|Industrial Building Construction|USA|t CO2-e per $1M AUD,Spend-based,EPA SCEF,"US EPA SCEF v1.3, band calibrated to AUD",236210.0,Industrial Building Construction,2022.0,2022,USA,t CO2-e per $1M AUD,,,150.3,False,,Scope3Factors.csv,,,,,,seed,2026-09-03T22:17:25,2026-09-03T22:17:25,
F0488,Spend-based|EPA SCEF|Industrial Process Furnace and Oven Manufacturing|USA|t CO2-e per $1M AUD,Spend-based,EPA SCEF,"US EPA SCEF v1.3, band calibrated to AUD",333994.0,Industrial Process Furnace and Oven Manufacturing,2022.0,2022,USA,t CO2-e per $1M AUD,,,105.7,False,,Scope3Factors.csv,,,,,,seed,2026-09-03T22:17:25,2026-09-03T22:17:25,
F0489,"Spend-based|EPA SCEF|Industrial Truck, Tractor, Trailer and Stacker Machinery Mfg|USA|t CO2-e per $1M AUD",Spend-based,EPA SCEF,"US EPA SCEF v1.3, band calibrated to AUD",333924.0,"Industrial Truck, Tractor, Trailer and Stacker Machinery Mfg",2022.0,2022,USA,t CO2-e per $1M AUD,,,147.2,False,,Scope3Factors.csv,,,,,,seed,2026-09-03T22:17:25,2026-09-03T22:17:25,
F0490,Spend-based|EPA SCEF|Light Truck and Utility Vehicle Manufacturing|USA|t CO2-e per $1M AUD,Spend-based,EPA SCEF,"US EPA SCEF v1.3, band calibrated to AUD",336112.0,Light Truck and Utility Vehicle Manufacturing,2022.0,2022,USA,t CO2-e per $1M AUD,,,151.6,False,,Scope3Factors.csv,,,,,,seed,2026-09-03T22:17:25,2026-09-03T22:17:25,
F0491,Spend-based|EPA SCEF|Metal Tank (Heavy Gauge) Manufacturing|USA|t CO2-e per $1M AUD,Spend-based,EPA SCEF,"US EPA SCEF v1.3, band calibrated to AUD",332420.0,Metal Tank (Heavy Gauge) Manufacturing,2022.0,2022,USA,t CO2-e per $1M AUD,,,167.9,False,,Scope3Factors.csv,,,,,,seed,2026-09-03T22:17:25,2026-09-03T22:17:25,
F0492,Spend-based|EPA SCEF|Motor and Generator Manufacturing|USA|t CO2-e per $1M AUD,Spend-based,EPA SCEF,"US EPA SCEF v1.3, band calibrated to AUD",335312.0,Motor and Generator Manufacturing,2022.0,2022,USA,t CO2-e per $1M AUD,,,83.7,False,,Scope3Factors.csv,,,,,,seed,2026-09-03T22:17:25,2026-09-03T22:17:25,
F0493,Spend-based|EPA SCEF|Office Furniture (except Wood) Manufacturing|USA|t CO2-e per $1M AUD,Spend-based,EPA SCEF,"US EPA SCEF v1.3, band calibrated to AUD",337214.0,Office Furniture (except Wood) Manufacturing,2022.0,2022,USA,t CO2-e per $1M AUD,,,115.7,False,,Scope3Factors.csv,,,,,,seed,2026-09-03T22:17:25,2026-09-03T22:17:25,
F0494,Spend-based|EPA SCEF|Other Heavy and Civil Engineering Construction|USA|t CO2-e per $1M AUD,Spend-based,EPA SCEF,"US EPA SCEF v1.3, band calibrated to AUD",237990.0,Other Heavy and Civil Engineering Construction,2022.0,2022,USA,t CO2-e per $1M AUD,,,127.1,False,,Scope3Factors.csv,,,,,,seed,2026-09-03T22:17:25,2026-09-03T22:17:25,
F0495,Spend-based|EPA SCEF|Other Industrial Machinery Manufacturing|USA|t CO2-e per $1M AUD,Spend-based,EPA SCEF,"US EPA SCEF v1.3, band calibrated to AUD",333249.0,Other Industrial Machinery Manufacturing,2022.0,2022,USA,t CO2-e per $1M AUD,,,104.4,False,,Scope3Factors.csv,,,,,,seed,2026-09-03T22:17:25,2026-09-03T22:17:25,
F0496,Spend-based|EPA SCEF|Poured Concrete Foundation and Structure Contractors|USA|t CO2-e per $1M AUD,Spend-based,EPA SCEF,"US EPA SCEF v1.3, band calibrated to AUD",238110.0,Poured Concrete Foundation and Structure Contractors,2022.0,2022,USA,t CO2-e per $1M AUD,,,139.0,False,,Scope3Factors.csv,,,,,,seed,2026-09-03T22:17:25,2026-09-03T22:17:25,
F0497,Spend-based|EPA SCEF|Power and Communication Line and Related Structures Construction|USA|t CO2-e per $1M AUD,Spend-based,EPA SCEF,"US EPA SCEF v1.3, band calibrated to AUD",237130.0,Power and Communication Line and Related Structures Construction,2022.0,2022,USA,t CO2-e per $1M AUD,,,174.2,False,,Scope3Factors.csv,,,,,,seed,2026-09-03T22:17:25,2026-09-03T22:17:25,
F0498,"Spend-based|EPA SCEF|Power, Distribution, and Specialty Transformer Manufacturing|USA|t CO2-e per $1M AUD",Spend-based,EPA SCEF,"US EPA SCEF v1.3, band calibrated to AUD",335311.0,"Power, Distribution, and Specialty Transformer Manufacturing",2022.0,2022,USA,t CO2-e per $1M AUD,,,74.2,False,,Scope3Factors.csv,,,,,,seed,2026-09-03T22:17:25,2026-09-03T22:17:25,
F0499,Spend-based|EPA SCEF|Prefabricated Metal Building and Component Manufacturing|USA|t CO2-e per $1M AUD,Spend-based,EPA SCEF,"US EPA SCEF v1.3, band calibrated to AUD",332311.0,Prefabricated Metal Building and Component Manufacturing,2022.0,2022,USA,t CO2-e per $1M AUD,,,154.7,False,,Scope3Factors.csv,,,,,,seed,2026-09-03T22:17:25,2026-09-03T22:17:25,
F0500,Spend-based|EPA SCEF|Prefabricated Wood Building Manufacturing|USA|t CO2-e per $1M AUD,Spend-based,EPA SCEF,"US EPA SCEF v1.3, band calibrated to AUD",321992.0,Prefabricated Wood Building Manufacturing,2022.0,2022,USA,t CO2-e per $1M AUD,,,84.9,False,,Scope3Factors.csv,,,,,,seed,2026-09-03T22:17:25,2026-09-03T22:17:25,
F0501,Spend-based|EPA SCEF|Relay and Industrial Control Manufacturing|USA|t CO2-e per $1M AUD,Spend-based,EPA SCEF,"US EPA SCEF v1.3, band calibrated to AUD",335314.0,Relay and Industrial Control Manufacturing,2022.0,2022,USA,t CO2-e per $1M AUD,,,75.5,False,,Scope3Factors.csv,,,,,,seed,2026-09-03T22:17:25,2026-09-03T22:17:25,
F0502,Spend-based|EPA SCEF|Switchgear and Switchboard Apparatus Manufacturing|USA|t CO2-e per $1M AUD,Spend-based,EPA SCEF,"US EPA SCEF v1.3, band calibrated to AUD",335313.0,Switchgear and Switchboard Apparatus Manufacturing,2022.0,2022,USA,t CO2-e per $1M AUD,,,96.2,False,,Scope3Factors.csv,,,,,,seed,2026-09-03T22:17:25,2026-09-03T22:17:25,
F0503,Spend-based|EPA SCEF|Truck Trailer Manufacturing|USA|t CO2-e per $1M AUD,Spend-based,EPA SCEF,"US EPA SCEF v1.3, band calibrated to AUD",336212.0,Truck Trailer Manufacturing,2022.0,2022,USA,t CO2-e per $1M AUD,,,116.4,False,,Scope3Factors.csv,,,,,,seed,2026-09-03T22:17:25,2026-09-03T22:17:25,
F0504,"Industry|worldsteel|global average crude steel, 2024|Global|t CO2-e per t",Industry,worldsteel,"worldsteel Sustainability Indicators 2025, global average crude steel, 2024",,"global average crude steel, 2024",2024.0,2024,Global,t CO2-e per t,,,1.92,False,"Bought and reported by the tonne, so priced on mass.  The spend based factor implied 0.354 t CO2-e per tonne of steel against a published average of 1.92, because the EPA foundry factor is per dollar of sector output and carries labour and overhead as well as metal.  Interim until a supplier product carbon footprint with stated recycled content is obtained.",Scope3Factors.csv,,,,,,seed,2026-09-03T22:17:25,2026-09-03T22:17:25,
F0505,"NGA|NgaFactors|passenger vehicle, diesel and petrol blend|Australia|kg CO2-e per km",NGA,NgaFactors,"NGA Factors, passenger vehicle, diesel and petrol blend",,"passenger vehicle, diesel and petrol blend",,2022,Australia,kg CO2-e per km,,,0.181,False,,Scope3Factors.csv,,,,,,seed,2026-09-03T22:17:25,2026-09-03T22:17:25,
F0506,"NGA|NgaFactors|solid waste to landfill, mixed municipal|Australia|t CO2-e per t",NGA,NgaFactors,"NGA Factors, solid waste to landfill, mixed municipal",,"solid waste to landfill, mixed municipal",,2022,Australia,t CO2-e per t,,,0.586,False,,Scope3Factors.csv,,,,,,seed,2026-09-03T22:17:25,2026-09-03T22:17:25,
F0507,Spend-based|EPA SCEF|All Other Miscellaneous Chemical Product and Preparation Manufacturing|USA|kg/USD,Spend-based,EPA SCEF,EPA SCEF — All Other Miscellaneous Chemical Product and Preparation Manufacturing,325998.0,All Other Miscellaneous Chemical Product and Preparation Manufacturing,2022.0,2022,USA,kg/USD,,,0.472,False,,Scope3Factors.csv,,,,,,seed,2026-09-03T22:17:25,2026-09-03T22:17:25,
F0508,Spend-based|EPA SCEF|All Other Specialty Trade Contractors|USA|kg/USD,Spend-based,EPA SCEF,EPA SCEF — All Other Specialty Trade Contractors,238990.0,All Other Specialty Trade Contractors,2022.0,2022,USA,kg/USD,,,0.221,False,,Scope3Factors.csv,,,,,,seed,2026-09-03T22:17:25,2026-09-03T22:17:25,
F0509,Spend-based|EPA SCEF|Cement Manufacturing|USA|kg/USD,Spend-based,EPA SCEF,EPA SCEF — Cement Manufacturing,327310.0,Cement Manufacturing,2022.0,2022,USA,kg/USD,,,3.846,False,,Scope3Factors.csv,,,,,,seed,2026-09-03T22:17:25,2026-09-03T22:17:25,
F0510,Spend-based|EPA SCEF|Commercial and Industrial Machinery and Equipment (except Automotive and Electronic) Repair and Maintenance|USA|kg/USD,Spend-based,EPA SCEF,EPA SCEF — Commercial and Industrial Machinery and Equipment (except Automotive and Electronic) Repair and Maintenance,811310.0,Commercial and Industrial Machinery and Equipment (except Automotive and Electronic) Repair and Maintenance,2022.0,2022,USA,kg/USD,,,0.136,False,,Scope3Factors.csv,,,,,,seed,2026-09-03T22:17:25,2026-09-03T22:17:25,
F0511,"Spend-based|EPA SCEF|Construction, Mining, and Forestry Machinery and Equipment Rental and Leasing|USA|kg/USD",Spend-based,EPA SCEF,"EPA SCEF — Construction, Mining, and Forestry Machinery and Equipment Rental and Leasing",532412.0,"Construction, Mining, and Forestry Machinery and Equipment Rental and Leasing",2022.0,2022,USA,kg/USD,,,0.106,False,,Scope3Factors.csv,,,,,,seed,2026-09-03T22:17:25,2026-09-03T22:17:25,
F0512,Spend-based|EPA SCEF|Electrical Contractors and Other Wiring Installation Contractors|USA|kg/USD,Spend-based,EPA SCEF,EPA SCEF — Electrical Contractors and Other Wiring Installation Contractors,238210.0,Electrical Contractors and Other Wiring Installation Contractors,2022.0,2022,USA,kg/USD,,,0.221,False,,Scope3Factors.csv,,,,,,seed,2026-09-03T22:17:25,2026-09-03T22:17:25,
F0513,Spend-based|EPA SCEF|Environmental Consulting Services|USA|kg/USD,Spend-based,EPA SCEF,EPA SCEF — Environmental Consulting Services,541620.0,Environmental Consulting Services,2022.0,2022,USA,kg/USD,,,0.09,False,,Scope3Factors.csv,,,,,,seed,2026-09-03T22:17:25,2026-09-03T22:17:25,
F0514,Spend-based|EPA SCEF|Explosives Manufacturing|USA|kg/USD,Spend-based,EPA SCEF,EPA SCEF — Explosives Manufacturing,325920.0,Explosives Manufacturing,2022.0,2022,USA,kg/USD,,,0.472,False,,Scope3Factors.csv,,,,,,seed,2026-09-03T22:17:25,2026-09-03T22:17:25,
F0515,Spend-based|EPA SCEF|Industrial Gas Manufacturing|USA|kg/USD,Spend-based,EPA SCEF,EPA SCEF — Industrial Gas Manufacturing,325120.0,Industrial Gas Manufacturing,2022.0,2022,USA,kg/USD,,,1.163,False,,Scope3Factors.csv,,,,,,seed,2026-09-03T22:17:25,2026-09-03T22:17:25,
F0516,Spend-based|EPA SCEF|Iron Foundries|USA|kg/USD,Spend-based,EPA SCEF,EPA SCEF — Iron Foundries,331511.0,Iron Foundries,2022.0,2022,USA,kg/USD,,,0.349,False,,Scope3Factors.csv,,,,,,seed,2026-09-03T22:17:25,2026-09-03T22:17:25,
F0517,Spend-based|EPA SCEF|Iron and Steel Forging|USA|kg/USD,Spend-based,EPA SCEF,EPA SCEF — Iron and Steel Forging,332111.0,Iron and Steel Forging,2022.0,2022,USA,kg/USD,,,0.47,False,,Scope3Factors.csv,,,,,,seed,2026-09-03T22:17:25,2026-09-03T22:17:25,
F0518,Spend-based|EPA SCEF|Iron and Steel Mills and Ferroalloy Manufacturing|USA|kg/USD,Spend-based,EPA SCEF,EPA SCEF — Iron and Steel Mills and Ferroalloy Manufacturing,331110.0,Iron and Steel Mills and Ferroalloy Manufacturing,2022.0,2022,USA,kg/USD,,,0.769,False,,Scope3Factors.csv,,,,,,seed,2026-09-03T22:17:25,2026-09-03T22:17:25,
F0519,Spend-based|EPA SCEF|Lime Manufacturing|USA|kg/USD,Spend-based,EPA SCEF,EPA SCEF — Lime Manufacturing,327410.0,Lime Manufacturing,2022.0,2022,USA,kg/USD,,,1.56,False,,Scope3Factors.csv,,,,,,seed,2026-09-03T22:17:25,2026-09-03T22:17:25,
F0520,"Spend-based|EPA SCEF|Measuring, Dispensing, and Other Pumping Equipment Manufacturing|USA|kg/USD",Spend-based,EPA SCEF,"EPA SCEF — Measuring, Dispensing, and Other Pumping Equipment Manufacturing",333914.0,"Measuring, Dispensing, and Other Pumping Equipment Manufacturing",2022.0,2022,USA,kg/USD,,,0.223,False,,Scope3Factors.csv,,,,,,seed,2026-09-03T22:17:25,2026-09-03T22:17:25,
F0521,Spend-based|EPA SCEF|Motor and Generator Manufacturing|USA|kg/USD,Spend-based,EPA SCEF,EPA SCEF — Motor and Generator Manufacturing,335312.0,Motor and Generator Manufacturing,2022.0,2022,USA,kg/USD,,,0.133,False,,Scope3Factors.csv,,,,,,seed,2026-09-03T22:17:25,2026-09-03T22:17:25,
F0522,Spend-based|EPA SCEF|Other Basic Inorganic Chemical Manufacturing|USA|kg/USD,Spend-based,EPA SCEF,EPA SCEF — Other Basic Inorganic Chemical Manufacturing,325180.0,Other Basic Inorganic Chemical Manufacturing,2022.0,2022,USA,kg/USD,,,0.974,False,,Scope3Factors.csv,,,,,,seed,2026-09-03T22:17:25,2026-09-03T22:17:25,
F0523,Spend-based|EPA SCEF|Other Electronic Component Manufacturing|USA|kg/USD,Spend-based,EPA SCEF,EPA SCEF — Other Electronic Component Manufacturing,334419.0,Other Electronic Component Manufacturing,2022.0,2022,USA,kg/USD,,,0.08,False,,Scope3Factors.csv,,,,,,seed,2026-09-03T22:17:25,2026-09-03T22:17:25,
F0524,Spend-based|EPA SCEF|Other Metal Valve and Pipe Fitting Manufacturing|USA|kg/USD,Spend-based,EPA SCEF,EPA SCEF — Other Metal Valve and Pipe Fitting Manufacturing,332919.0,Other Metal Valve and Pipe Fitting Manufacturing,2022.0,2022,USA,kg/USD,,,0.146,False,,Scope3Factors.csv,,,,,,seed,2026-09-03T22:17:25,2026-09-03T22:17:25,
F0525,Spend-based|EPA SCEF|Rubber Product Manufacturing for Mechanical Use|USA|kg/USD,Spend-based,EPA SCEF,EPA SCEF — Rubber Product Manufacturing for Mechanical Use,326291.0,Rubber Product Manufacturing for Mechanical Use,2022.0,2022,USA,kg/USD,,,0.313,False,,Scope3Factors.csv,,,,,,seed,2026-09-03T22:17:25,2026-09-03T22:17:25,
F0526,Spend-based|EPA SCEF|Rubber and Plastics Hoses and Belting Manufacturing|USA|kg/USD,Spend-based,EPA SCEF,EPA SCEF — Rubber and Plastics Hoses and Belting Manufacturing,326220.0,Rubber and Plastics Hoses and Belting Manufacturing,2022.0,2022,USA,kg/USD,,,0.281,False,,Scope3Factors.csv,,,,,,seed,2026-09-03T22:17:25,2026-09-03T22:17:25,
F0527,Spend-based|EPA SCEF|Soap and Other Detergent Manufacturing|USA|kg/USD,Spend-based,EPA SCEF,EPA SCEF — Soap and Other Detergent Manufacturing,325611.0,Soap and Other Detergent Manufacturing,2022.0,2022,USA,kg/USD,,,0.315,False,,Scope3Factors.csv,,,,,,seed,2026-09-03T22:17:25,2026-09-03T22:17:25,
F0528,Spend-based|EPA SCEF|Temporary Help Services|USA|kg/USD,Spend-based,EPA SCEF,EPA SCEF — Temporary Help Services,561320.0,Temporary Help Services,2022.0,2022,USA,kg/USD,,,0.051,False,,Scope3Factors.csv,,,,,,seed,2026-09-03T22:17:25,2026-09-03T22:17:25,
F0529,Spend-based|EPA SCEF Margins|All Other Miscellaneous Chemical Product and Preparation Manufacturing|USA|kg/USD,Spend-based,EPA SCEF Margins,EPA SCEF Margins — All Other Miscellaneous Chemical Product and Preparation Manufacturing,325998.0,All Other Miscellaneous Chemical Product and Preparation Manufacturing,2022.0,2022,USA,kg/USD,,,0.028,False,,Scope3Factors.csv,,,,,,seed,2026-09-03T22:17:25,2026-09-03T22:17:25,
F0530,Spend-based|EPA SCEF Margins|Cement Manufacturing|USA|kg/USD,Spend-based,EPA SCEF Margins,EPA SCEF Margins — Cement Manufacturing,327310.0,Cement Manufacturing,2022.0,2022,USA,kg/USD,,,0.078,False,,Scope3Factors.csv,,,,,,seed,2026-09-03T22:17:25,2026-09-03T22:17:25,
F0531,Spend-based|EPA SCEF Margins|Explosives Manufacturing|USA|kg/USD,Spend-based,EPA SCEF Margins,EPA SCEF Margins — Explosives Manufacturing,325920.0,Explosives Manufacturing,2022.0,2022,USA,kg/USD,,,0.028,False,,Scope3Factors.csv,,,,,,seed,2026-09-03T22:17:25,2026-09-03T22:17:25,
F0532,Spend-based|EPA SCEF Margins|Industrial Gas Manufacturing|USA|kg/USD,Spend-based,EPA SCEF Margins,EPA SCEF Margins — Industrial Gas Manufacturing,325120.0,Industrial Gas Manufacturing,2022.0,2022,USA,kg/USD,,,0.048,False,,Scope3Factors.csv,,,,,,seed,2026-09-03T22:17:25,2026-09-03T22:17:25,
F0533,Spend-based|EPA SCEF Margins|Iron Foundries|USA|kg/USD,Spend-based,EPA SCEF Margins,EPA SCEF Margins — Iron Foundries,331511.0,Iron Foundries,2022.0,2022,USA,kg/USD,,,0.021,False,,Scope3Factors.csv,,,,,,seed,2026-09-03T22:17:25,2026-09-03T22:17:25,
F0534,Spend-based|EPA SCEF Margins|Iron and Steel Forging|USA|kg/USD,Spend-based,EPA SCEF Margins,EPA SCEF Margins — Iron and Steel Forging,332111.0,Iron and Steel Forging,2022.0,2022,USA,kg/USD,,,0.023,False,,Scope3Factors.csv,,,,,,seed,2026-09-03T22:17:25,2026-09-03T22:17:25,
F0535,Spend-based|EPA SCEF Margins|Iron and Steel Mills and Ferroalloy Manufacturing|USA|kg/USD,Spend-based,EPA SCEF Margins,EPA SCEF Margins — Iron and Steel Mills and Ferroalloy Manufacturing,331110.0,Iron and Steel Mills and Ferroalloy Manufacturing,2022.0,2022,USA,kg/USD,,,0.018,False,,Scope3Factors.csv,,,,,,seed,2026-09-03T22:17:25,2026-09-03T22:17:25,
F0536,Spend-based|EPA SCEF Margins|Lime Manufacturing|USA|kg/USD,Spend-based,EPA SCEF Margins,EPA SCEF Margins — Lime Manufacturing,327410.0,Lime Manufacturing,2022.0,2022,USA,kg/USD,,,0.063,False,,Scope3Factors.csv,,,,,,seed,2026-09-03T22:17:25,2026-09-03T22:17:25,
F0537,Spend-based|EPA SCEF Margins|Motor and Generator Manufacturing|USA|kg/USD,Spend-based,EPA SCEF Margins,EPA SCEF Margins — Motor and Generator Manufacturing,335312.0,Motor and Generator Manufacturing,2022.0,2022,USA,kg/USD,,,0.019,False,,Scope3Factors.csv,,,,,,seed,2026-09-03T22:17:25,2026-09-03T22:17:25,
F0538,Spend-based|EPA SCEF Margins|Other Basic Inorganic Chemical Manufacturing|USA|kg/USD,Spend-based,EPA SCEF Margins,EPA SCEF Margins — Other Basic Inorganic Chemical Manufacturing,325180.0,Other Basic Inorganic Chemical Manufacturing,2022.0,2022,USA,kg/USD,,,0.036,False,,Scope3Factors.csv,,,,,,seed,2026-09-03T22:17:25,2026-09-03T22:17:25,
F0539,Spend-based|EPA SCEF Margins|Other Electronic Component Manufacturing|USA|kg/USD,Spend-based,EPA SCEF Margins,EPA SCEF Margins — Other Electronic Component Manufacturing,334419.0,Other Electronic Component Manufacturing,2022.0,2022,USA,kg/USD,,,0.019,False,,Scope3Factors.csv,,,,,,seed,2026-09-03T22:17:25,2026-09-03T22:17:25,
F0540,Spend-based|EPA SCEF Margins|Other Metal Valve and Pipe Fitting Manufacturing|USA|kg/USD,Spend-based,EPA SCEF Margins,EPA SCEF Margins — Other Metal Valve and Pipe Fitting Manufacturing,332919.0,Other Metal Valve and Pipe Fitting Manufacturing,2022.0,2022,USA,kg/USD,,,0.027,False,,Scope3Factors.csv,,,,,,seed,2026-09-03T22:17:25,2026-09-03T22:17:25,
F0541,Spend-based|EPA SCEF Margins|Rubber Product Manufacturing for Mechanical Use|USA|kg/USD,Spend-based,EPA SCEF Margins,EPA SCEF Margins — Rubber Product Manufacturing for Mechanical Use,326291.0,Rubber Product Manufacturing for Mechanical Use,2022.0,2022,USA,kg/USD,,,0.03,False,,Scope3Factors.csv,,,,,,seed,2026-09-03T22:17:25,2026-09-03T22:17:25,
F0542,Spend-based|EPA SCEF Margins|Rubber and Plastics Hoses and Belting Manufacturing|USA|kg/USD,Spend-based,EPA SCEF Margins,EPA SCEF Margins — Rubber and Plastics Hoses and Belting Manufacturing,326220.0,Rubber and Plastics Hoses and Belting Manufacturing,2022.0,2022,USA,kg/USD,,,0.028,False,,Scope3Factors.csv,,,,,,seed,2026-09-03T22:17:25,2026-09-03T22:17:25,
F0543,Spend-based|EPA SCEF Margins|Soap and Other Detergent Manufacturing|USA|kg/USD,Spend-based,EPA SCEF Margins,EPA SCEF Margins — Soap and Other Detergent Manufacturing,325611.0,Soap and Other Detergent Manufacturing,2022.0,2022,USA,kg/USD,,,0.04,False,,Scope3Factors.csv,,,,,,seed,2026-09-03T22:17:25,2026-09-03T22:17:25,
F0544,Industry|AGO|ANFO detonation|Australia|t CO2-e per t,Industry,AGO,"AGO, ANFO detonation",,ANFO detonation,2004.0,2004,Australia,t CO2-e per t,0.17,,,False,"Detonation of ANFO.  Outside NGER and the Safeguard Mechanism, reported under the GHG Protocol.  Chemistry rather than energy mix, so the region is immaterial.",,,,,,,seed,2026-09-03T22:17:25,2026-09-03T22:17:25,The one place this factor is held.  Priced in the normal course by CalcGhg.
